Track 1_x,Track 1_y,Track 1_z,Track 2_x,Track 2_y,Track 2_z,Track 3_x,Track 3_y,Track 3_z,Track 4_x,Track 4_y,Track 4_z
-1.118773361111,0.8722146518991896,1.3294784517162557,-1.1521673535936994,0.9081319055934952,1.2754556893709745,-1.1958174839016271,0.8830278282732951,1.3334645437840904,-1.1018022584247038,0.7981123860555877,1.3255993292350916
-1.118773361111,0.8722146518991896,1.3294784517162557,-1.1520702725498013,0.9076417525504884,1.2727261277275186,-1.1958174839016271,0.8830278282732951,1.3334645437840904,-1.1014827919044667,0.8006509073438687,1.3248360126707583
-1.109262452783086,0.8841882274299396,1.3271824330655984,-1.1381243561370336,0.9268711864834853,1.2792691276644894,-1.1814732794223217,0.8686569509945277,1.3370681133591253,-1.088131973394746,0.8119118911116447,1.32319543617481
-1.0923859054334562,0.8695912379097012,1.3336590051840318,-1.1266981062964911,0.8844537379530271,1.2811965676239667,-1.1680031342810102,0.8732473120373748,1.3459843257554922,-1.0760689204370582,0.8420624966908045,1.327496480262557
-1.0793978580452657,0.8410355937306577,1.334533399434276,-1.1142371485404874,0.8610405255146542,1.2830873652580719,-1.1564419368128203,0.8807564181386376,1.346560886485765,-1.0631686643570657,0.8451418493996509,1.3312345129825744
-1.0675855550915345,0.8262114172490972,1.3352610818764792,-1.0983515580543322,0.8890888335599645,1.286007974948672,-1.141404167731765,0.8468480961789526,1.3475908514121226,-1.0512464352413613,0.8311096897201111,1.3327272147340343
-1.0491045494352753,0.8247050311430445,1.3390101662711733,-1.0836325612048816,0.8989411882071668,1.293355154462164,NaN,NaN,NaN,-1.037501565550102,0.8358502946426789,1.3380308055192174
-1.0348087708885214,0.8106733283245598,1.3453525504762665,-1.0716601549640317,0.851609697462948,1.2964491943640273,NaN,NaN,NaN,NaN,NaN,NaN
-1.0228230042916495,0.8231554017153588,1.3480256225819054,-1.0567279784628052,0.8605810190833768,1.298310763873888,NaN,NaN,NaN,-1.0074866595972993,0.7963197146896424,1.3437195186022206
-1.0121029146472285,0.7915297100044243,1.3510996813938985,-1.0452596111632717,0.819278563435985,1.3035545780521478,-1.0821809263119238,0.8296446976919657,1.3644177110166777,-0.992083438896378,0.7946991172061632,1.347623319891058
-0.9971265983379409,0.7999281766156979,1.3549168039691226,-1.0322393681712039,0.8204887881419828,1.3053535800276426,-1.0691358826736337,0.8267346282340838,1.3674367896004922,-0.9786081110436804,0.7812102578443012,1.349966263260609
-0.9831647088165129,0.7910318280238927,1.3572584949870266,-1.0181916370326274,0.8106125336909519,1.3061656865385005,-1.0540384363586934,0.8216141277562629,1.3698165132522753,-0.9624296511536883,0.7935033222101624,1.3530589609501118
-0.9659806177948287,0.80456137052029,1.3580988644450012,-1.0017178442449113,0.8031718450122214,1.3070955817515486,-1.0389117527532346,0.788926078103066,1.3723861528711783,-0.9479523584044642,0.7535453569130799,1.3548583675619348
-0.9533200157328104,0.7821478004371876,1.3581601526835732,-0.9904382332346915,0.7666703691518596,1.306797324257205,-1.0257839258001626,0.785869358505143,1.3738811204193362,-0.9346912972057609,0.759124692821233,1.3570707489510254
-0.938210883287132,0.761872236723323,1.3591052599493676,-0.9724969016446833,0.743478318907264,1.3100974429674666,-1.0122803116786547,0.7789122438590598,1.3746571572388306,-0.9211711827756205,0.7517193851812654,1.3570809973510007
-0.9245072398636227,0.7566270305380846,1.3598779970680428,-0.9590459238864588,0.7570565421355424,1.3085445339942776,-1.0007385821470403,0.7465442243441652,1.3755010590288255,-0.904668601237741,0.75084662794658,1.3564443205341703
-0.9103201565802502,0.7492158914664012,1.3614570778515873,-0.9487393602685381,0.7619771464363609,1.3079718146292483,-0.9882245464294819,0.7305407147751637,1.3770519800560035,-0.8934633658625663,0.7511656928963821,1.3585791584984424
-0.8953361677519566,0.758168735581846,1.366038012608529,-0.9322570770704508,0.7657490319478378,1.311048244117754,-0.9748149142694925,0.7311413563489313,1.3808375182418136,-0.8793334556002825,0.7523742373832392,1.363930496144171
-0.8793144151812444,0.7391130782242263,1.3670258448015993,-0.921092386145675,0.760652685383637,1.3149880670732608,-0.9613518286312793,0.7247646212591979,1.383907603552866,-0.8641696699969612,0.7390233358233723,1.3640678092243657
-0.8649395520736398,0.7189287133105625,1.3686989256100326,-0.9030973051119003,0.7485307424885563,1.3193356835333265,-0.9484772505169635,0.7052764851220377,1.3862715243444022,-0.8479229572009127,0.7090598626609154,1.3682033553599706
-0.8467235361642447,0.7139562737959609,1.3704801186216469,-0.8897238161535889,0.752992058830901,1.3211366732246883,NaN,NaN,NaN,-0.8308964188468874,0.713535860742388,1.3683253964175042
-0.829262512356739,0.7080921891665806,1.3706927614274032,-0.8721884973751473,0.7669147610566769,1.3242123715137541,NaN,NaN,NaN,NaN,NaN,NaN
-0.8151595852736716,0.6999771852272949,1.37303965543066,-0.8597906008445082,0.7504796210678544,1.323869559263566,NaN,NaN,NaN,-0.79550415697812,0.7140781463230005,1.369462915856308
-0.7985878943206756,0.6939124116529782,1.3755065220043472,-0.8430293608263616,0.7361002256563675,1.3270612399455464,NaN,NaN,NaN,-0.7779869956570808,0.7087101119259088,1.3696746816934515
-0.780740514553539,0.7011603034085476,1.3794880809225722,-0.8225712662756668,0.7260250390274879,1.3304290747791552,-0.8627851409214924,0.6788988106496392,1.3949115929137132,-0.7610388350243081,0.6726824523214464,1.3784932934929015
-0.7650666828654131,0.6948733339925629,1.3842091738187807,-0.8065334477954635,0.7348232308,1.3312447739739797,-0.8490070537340245,0.6760975363004507,1.3995105759810182,-0.7445572967833369,0.6816922658780828,1.3831575422411164
-0.7517572261178941,0.6944566522374774,1.3879968003123475,-0.7890296218719989,0.7081249361078316,1.337860425700151,-0.8328617701023493,0.6743711632839415,1.404229521579483,-0.7308967847130239,0.6983622677591886,1.384548714452723
-0.7381670179157085,0.6744998626362763,1.3919331830820127,-0.7750290053620008,0.6969286573758489,1.3386799521188562,-0.8172791606114088,0.6663348741394293,1.4074293616099236,-0.7153720189683249,0.6622971594759536,1.39253335683466
-0.7227933861100796,0.6717126319031229,1.3950821411739653,-0.7588612141881249,0.688707281368488,1.3451222291060083,-0.8042084574642526,0.6708371106538478,1.4111698369157246,-0.6994352874965225,0.6483638378822305,1.3927190373687508
-0.7077883266041552,0.6643923054437697,1.396707920937412,-0.7464838523263962,0.6732406148968128,1.3480903831197923,-0.7913921091003228,0.6720491161462603,1.4133855246864389,-0.68574385740737,0.6503752318082177,1.394209885388103
-0.6933904673867322,0.645542590193761,1.4022196619172687,-0.7345611269104972,0.6626938061976559,1.3487956380532908,-0.7789500968826463,0.6470235284075976,1.4150080793268622,-0.669782079187496,0.6075596152927041,1.3968986518135578
-0.679869874572649,0.6525280648110793,1.4021306834116254,-0.7254885930956032,0.6787598320228295,1.3513991125499487,-0.7646028943120527,0.6336211712155224,1.4174155112705076,-0.6586324513203868,0.6141938034816082,1.398221231492858
-0.6656325980186002,0.6364914610929241,1.4022412663816375,-0.7131867545950495,0.67378912883183,1.355406612539125,-0.752713022288143,0.6260098551955611,1.420416226380834,-0.6477908984784387,0.632963787675586,1.3994431536000644
-0.6527712924829174,0.6242229835165937,1.4068593032685066,-0.6982904496037438,0.6634968189321956,1.3617971021593853,-0.7402678655653678,0.6247080017975938,1.4249361239124685,-0.6343862572100932,0.6041029145545432,1.4057421870973386
-0.6398243377181683,0.6356089057815273,1.4113141422515696,-0.6859089714674993,0.6484043457360811,1.365873413059917,-0.7257872771208294,0.6216153978208855,1.4303472151071812,-0.6201625739626959,0.6191070413325395,1.4071699022208528
-0.6246764289769543,0.6201259464323158,1.4099355230449178,-0.6734011485754954,0.6525772524249959,1.3632051129747806,NaN,NaN,NaN,NaN,NaN,NaN
-0.6108208433835765,0.6079972891619227,1.4107669712065567,-0.6592548232947434,0.6217812784301342,1.3663687539198373,NaN,NaN,NaN,-0.5910004515949222,0.6023422387436708,1.4096246496785378
-0.5975187716464054,0.5923027836654837,1.4154362581746522,-0.6458497347339813,0.6265139869627371,1.3681673030733421,NaN,NaN,NaN,NaN,NaN,NaN
-0.5868522669577804,0.577313007922669,1.4145800066583363,-0.6339949580467018,0.6265349621660907,1.3699114060300428,-0.6742292081413496,0.5966670496383253,1.4356166289516163,-0.5670388205526509,0.5714150752231424,1.4134376819907346
-0.5766925345046527,0.5742744564940255,1.4166856165927997,-0.6229142205731499,0.629077153993803,1.3704921876825276,-0.6631545825836298,0.58016047149432,1.437876938064707,-0.5493639986346612,0.5526089115464499,1.416059665502639
-0.5669667811128171,0.574952065621552,1.4195097383697517,-0.6112761439503646,0.6402292250305894,1.372371502307663,-0.6513720084309337,0.5796391478273552,1.442357909785313,-0.5386683519909776,0.5402985345560605,1.4197995457958432
-0.5552575512683092,0.5736684216435205,1.4239921377093114,-0.5974437776819428,0.6224968976083153,1.3750051995582935,-0.6397787555915712,0.5695551041694602,1.4469044369379187,-0.5269630079772574,0.546281942736708,1.4234620951963326
-0.5452432899517662,0.5713002000968319,1.4299288032155846,-0.5860364976613569,0.5986456232171022,1.3793274159208886,-0.6296061057868121,0.5670889043470816,1.449777188198701,-0.5159329732640008,0.5308511149312207,1.429552774497447
-0.5352009045068702,0.5765965472696964,1.4350408938953898,-0.5742282734959345,0.5710707247909139,1.3859232028893183,-0.620534308780875,0.5628010408611273,1.4556814968298364,-0.5050266514395949,0.543808459592129,1.4323504041652582
-0.5243312915798799,0.5670157364996017,1.4403099052090893,-0.5658419896170086,0.5786994570380141,1.3898835349357639,-0.611370013526498,0.5581393132754853,1.4592875296698216,-0.49461237725116186,0.5446594060879217,1.436749178654039
-0.5138072121055062,0.5607587210217654,1.4439984545898208,-0.5593819607705995,0.5577111858527135,1.39437479886378,-0.6032445128151406,0.5514048361689556,1.4643935341447492,NaN,NaN,NaN
-0.504077341738496,0.5614713574744129,1.4468219027783056,-0.5539112678831087,0.5452155285295266,1.4000944498741317,-0.5940492666142937,0.5406033702400118,1.470361485927533,-0.47811677943770736,0.5091112440056234,1.446369141752643
-0.4968021946590414,0.5447970121532926,1.4504183549412228,-0.5454693728464999,0.5390971418972293,1.4028160813906796,-0.5863770873888517,0.5214066118017091,1.4755514742188163,-0.47042172221657474,0.5280221136888276,1.4489445955329006
-0.4862917812061654,0.5233554191155659,1.455766952781065,-0.5377437436281187,0.5381546142782434,1.4116970514938498,-0.5781180818912113,0.5081697064071146,1.4807256841322467,NaN,NaN,NaN
-0.47624127540889466,0.5287209446894079,1.4608800671087439,-0.5297293316345485,0.5394462268184834,1.4192417444693761,NaN,NaN,NaN,NaN,NaN,NaN
-0.46458500521281604,0.5126188193264607,1.4685613046748416,-0.5189021099467056,0.5442666069528133,1.4215694677096036,NaN,NaN,NaN,-0.4369960781295968,0.49143206061620326,1.4656510414256299
-0.4543874648702092,0.5097664680958435,1.4706708176421506,-0.5067945396001831,0.5597397703908081,1.4270029973903946,NaN,NaN,NaN,-0.42741221920881645,0.4739215024010756,1.4678468778077374
-0.4438537285478001,0.511377197853953,1.4743009304632824,-0.5002187722578744,0.5297337334110931,1.4302475713119323,-0.5367870860951968,0.4990461700144328,1.4968796909249014,-0.41807642231665776,0.5101093992732577,1.4695934871011087
-0.4321442711383066,0.4929563622272053,1.4773908813121348,-0.48879563679126414,0.4988048031750876,1.4315350902264083,-0.5250575975192657,0.48901776796969487,1.4999076740740656,-0.4018940624084001,0.5152895009895893,1.472727560126704
-0.42071870641511244,0.47229556250950455,1.4820264978178135,-0.47840929622431316,0.48540159519017395,1.4344202583823247,-0.5139570354258711,0.48946483580355343,1.505118696301523,-0.38895835543707685,0.4760726023384193,1.4737420547889568
-0.4113509344542248,0.46897454120718696,1.484867222315503,-0.4697319365621434,0.4731087998927124,1.4385440541156704,-0.5029427527674755,0.48022268249146816,1.5088730699622503,-0.37559729237628425,0.45299792556068613,1.4808111309346346
-0.4016214893541639,0.46997806701169215,1.4884610807323972,-0.4593912007044913,0.45114283277523354,1.4437242776562011,-0.4929281852455389,0.4687962377810754,1.5133651391861667,-0.36681993312196254,0.43688640001290946,1.4868107723921795
-0.3922502584121977,0.4666768905553726,1.4913020853286802,-0.44881213962740657,0.444992557661841,1.447907124058627,-0.48426971234407007,0.45847938856080106,1.51700561614378,-0.35574124056419754,0.44336956490797497,1.4888906890084461
-0.380903909270587,0.4616358760305473,1.4965753261364223,-0.4417713275211354,0.4468570283425242,1.4505006846327608,-0.47469002918907205,0.4507782646245396,1.5222134807138217,-0.349961000207264,0.45155867819987894,1.4937538280428395
-0.3721618829196207,0.45518500843799875,1.5055742943763915,-0.434692575940678,0.4566012862157288,1.4558845405516176,-0.4673352928414494,0.4354727420742757,1.5273753591273143,-0.3406369286635582,0.4509246802550785,1.5019633805711876
-0.3625529978301515,0.4567175290178683,1.5122381840822088,-0.4228354710589032,0.45702603357699184,1.4611402308215853,-0.459930638540212,0.42999759330466913,1.5347616697429427,-0.3335535484600611,0.44867795925398385,1.5069850683941275
-0.35475736842838634,0.44444917568147446,1.5150773322406594,-0.4141881578943086,0.42352141862748716,1.4672676686390005,-0.4518638505282991,0.4141353349592348,1.5399725033859175,NaN,NaN,NaN
-0.34532988658003555,0.42617237278507786,1.5196013818612368,-0.40597504624487674,0.41578907152733025,1.4700839255111762,-0.4440521590690034,0.411122501922839,1.544275848219314,NaN,NaN,NaN
-0.3355952133925517,0.419856315459517,1.5248056714333833,-0.3974529633429926,0.4050628374242354,1.4760272152167069,-0.4367689590765822,0.3863435425477592,1.5487655841837449,NaN,NaN,NaN
-0.3257311625636948,0.41306800069558286,1.526938092803337,-0.3884210885402036,0.40747417631159233,1.4811192337701922,-0.42724568193340806,0.3791481538230874,1.5562913232449898,NaN,NaN,NaN
-0.3175885041365978,0.4126827002538389,1.529690430487014,-0.3772354852237228,0.3923529710532574,1.4864735433636267,NaN,NaN,NaN,NaN,NaN,NaN
-0.30567530240447544,0.3892016410243175,1.5359458795743148,-0.36610693182468984,0.37420779631033463,1.4879945620658857,NaN,NaN,NaN,-0.27445393191307715,0.4052253369325213,1.530581096168147
-0.29463037510799456,0.38745081615998356,1.5388671750270875,-0.3559009561663515,0.3802058978592793,1.4915772139381689,-0.40595883087108864,0.4256411378735118,1.5618172793031622,-0.26556374179586273,0.4042727566037798,1.532607503964175
-0.28549716581562373,0.37244104711760023,1.5410409546196147,-0.346009507192823,0.38917675052944783,1.492030717201727,-0.3912991610303209,0.39811325482817034,1.5628793205570597,-0.2567416557130537,0.394154306205498,1.5347158349756223
-0.27476305413781416,0.37368514713944095,1.5408311706829847,-0.34095992281394966,0.3545066594227488,1.4941405042911817,-0.37788912383830686,0.4064351450312394,1.5644374016437848,-0.24314478010628085,0.3862214179260118,1.5362879884708296
-0.26572777898761263,0.3738046506955236,1.542084696934547,-0.3295099774703165,0.3791123621388987,1.4922283066834832,-0.3676346390941328,0.39970193814441424,1.56505364412297,-0.23252096147930304,0.39618187480527634,1.538305039720054
-0.25478189794368916,0.3596317775754533,1.5404888199393965,-0.3172977490115863,0.3970241461824262,1.4927301806886268,-0.3555833720475497,0.3834603191653001,1.5667878340738706,-0.21942188860084166,0.3731786650416266,1.5384493871394045
-0.24611241690052238,0.3556350282443824,1.541761823389245,-0.3057425962624196,0.3999720421718311,1.4940951634520339,-0.3464893193279082,0.3716393451329234,1.5636895892775833,-0.20777823061434103,0.3516119006412789,1.5400453509174703
-0.23373758539106126,0.358308218932007,1.5416258285902904,-0.2960603456017591,0.3637294675418168,1.492606465235257,-0.3359122771759961,0.36773919617417805,1.5633678902102233,-0.20292096226918083,0.3628137250818125,1.5386562995065982
-0.22480592094701124,0.33882368502906135,1.5407428885058454,-0.2900892900608094,0.37124124663783264,1.4928625477254671,-0.3266524937997244,0.3593210209793909,1.5630209214424355,-0.18928157187062777,0.34563763889291144,1.5387736036941646
-0.21521358784120473,0.3351959998646824,1.5397452491476704,-0.28142776748895343,0.3825222460843803,1.4916876937489918,-0.31893826951129844,0.3333364183389793,1.561839930415778,-0.17981902235539635,0.3410162086386491,1.5385502708224466
-0.20420682206132798,0.313848458148668,1.539760990690376,-0.2721253619351922,0.37439522016939836,1.4883959596855174,-0.3106458041064606,0.3130322854057191,1.5597039927746532,-0.17497614547619747,0.3344526188834219,1.5365535055856574
-0.19462890177685377,0.317579464379349,1.537147809802355,-0.26446541241872734,0.3834706551374017,1.487958834624684,-0.3008698756006495,0.29064666358593594,1.5604483936316111,NaN,NaN,NaN
-0.18496175293886005,0.31375692348215695,1.5346097997474781,-0.25525964028768994,0.3662937175278203,1.4855077063919087,-0.29232976601222327,0.2734392664450905,1.5592195201243233,NaN,NaN,NaN
-0.17287139979867494,0.3121545019564253,1.5329529022076942,-0.24579184353017233,0.3369793948715023,1.486256725161134,-0.2830230906424476,0.2551428481785384,1.5589690653776394,NaN,NaN,NaN
-0.16130629598376742,0.2872747834416923,1.5314803420652903,-0.23399761369283004,0.3146876230153053,1.4839816639105932,NaN,NaN,NaN,NaN,NaN,NaN
-0.14724602736706005,0.2985106623939146,1.5282652143361488,-0.22003757330015455,0.30007579974654264,1.4825301153158315,NaN,NaN,NaN,-0.11791577851358032,0.3025528852854601,1.5244441720865907
-0.13533626678248611,0.2851046525570899,1.5251580900414632,-0.2059113680031352,0.2943335685310049,1.478695439798364,NaN,NaN,NaN,-0.11396745359802347,0.30200178614143164,1.5207967896459145
-0.12546541615265355,0.29320965751990463,1.5240672799289248,-0.19541073978542606,0.29180803664628246,1.4769589484849857,-0.23762687017395176,0.2956733460427522,1.545227759915987,-0.09337296025840851,0.2545354225994087,1.5138093279938656
-0.11315775524427886,0.2838236619176735,1.5201710648042008,-0.18397345837108345,0.26356990067167996,1.4723829212734485,-0.22639428967947553,0.2869199188551941,1.54220079431622,-0.07848770658396542,0.2613523023127338,1.516092132898242
-0.10225415835810532,0.25809673277996786,1.5163404604032351,-0.17243255053891618,0.27801332475736873,1.4651554256016373,-0.21347143897040427,0.28635164808266855,1.538258479779073,-0.069142536896953,0.26289308022964136,1.5142583403925978
-0.09050499843858675,0.25966486377299025,1.512314557474004,-0.16033581026634522,0.2830630917039911,1.4603526558690172,-0.20269472703725125,0.2814772771139067,1.5333137426387415,-0.06136289547572557,0.26233183560993895,1.5100393709972473
-0.07851090637771498,0.25326664777996677,1.5052763782829917,-0.14997211403993788,0.2866133626964261,1.457015610589208,-0.1915494708324992,0.28076099955854555,1.5283496802561627,-0.04404077115241839,0.25725473939913507,1.504821783504372
-0.06749043412596895,0.2468085578334724,1.5020525189346974,-0.14104353661928648,0.263531858423198,1.4514798988607667,-0.1803254140363267,0.25910391924981585,1.5217213598675132,-0.035198881810890585,0.2314530545610276,1.497773801935809
-0.05640018379886318,0.24013089052913195,1.497285763923788,-0.1299042776081353,0.25706753791039083,1.4459364147633635,-0.17266642419221617,0.2502491528784885,1.5175682796306087,-0.025650796137631167,0.23230981898181288,1.491313543655938
-0.04596554578557985,0.22518889712022747,1.4917759353423752,-0.1176202100030802,0.23753877987544764,1.4405452591742025,-0.1629677790043178,0.2536885469147041,1.5124870555039294,-0.018572289160906634,0.24133816605824965,1.4869774792618569
-0.03687545289326959,0.21319636737156547,1.487714955744074,-0.1100227400345384,0.2523520043042616,1.4362057766839653,-0.153670075539209,0.2531407091029472,1.5083477856421523,NaN,NaN,NaN
-0.02878785666160685,0.21516810961252134,1.4819393434680472,-0.10195762848711634,0.24529020099848622,1.4304979936996396,-0.14541176059943217,0.24007302792875795,1.5033309833433228,0.008899629820557906,0.17434858926866273,1.4796854555337002
-0.019819008653043743,0.21064720995979969,1.477810189679965,-0.09420662407222005,0.24485754409352065,1.4270479730008039,-0.1363816255475941,0.2480605553884058,1.500961101706044,NaN,NaN,NaN
-0.011191507803000558,0.209014615526734,1.4705431657954653,-0.08479078839592662,0.24616829420460495,1.4236757053845708,-0.1264893796537743,0.24328390161403438,1.4959597435179068,NaN,NaN,NaN
-0.0013319250745922708,0.1980400550727437,1.4680570985796373,-0.07658570453835756,0.2515380072744926,1.420985240347363,NaN,NaN,NaN,0.027770223200258282,0.18772424788204173,1.461229744666253
0.010403820449036266,0.18070691771569145,1.4633937060485633,-0.06610629732860016,0.24558373734941383,1.4146237455296005,NaN,NaN,NaN,0.04401171812557381,0.15087309005721605,1.4561700665292527
0.02034462737428286,0.16953431458520876,1.4593601113633128,-0.05424637672059729,0.22963518405203676,1.4091717937709047,NaN,NaN,NaN,NaN,NaN,NaN
0.03114288907381636,0.15897261285608497,1.454591166077657,-0.04420359036199373,0.21794387542217553,1.4020438956013594,-0.08909290425430998,0.2074456087887971,1.473172474483965,0.0660786666037272,0.15046099670069962,1.4418534163738592
0.04101969367748656,0.15501961253739865,1.4489484229841634,-0.03593969323520615,0.21405650684318514,1.3978663466287486,-0.07838518111047685,0.20322357910967534,1.4709907202758339,0.07420907634074538,0.14366578743894867,1.436134697981257
0.050686558133262095,0.158721072835321,1.4447900193001828,-0.023857025369384284,0.18306060304003505,1.3932803587305147,-0.06689648777719925,0.20692030822489169,1.4669316209784902,0.08668058672381734,0.15489543066463443,1.4336266495966932
0.05950128559496764,0.16182789049452811,1.441365908176179,-0.017412478464487402,0.19246702023950876,1.387374205081268,-0.056201443530288386,0.19002399234539513,1.4620561323529944,0.09277680803065193,0.15706313183368206,1.4324207441601227
0.06713227174190811,0.14136793633518302,1.4380397929441717,-0.013412857117328689,0.20089265633421097,1.3828934828543267,-0.048102723226037036,0.1853224772792843,1.4569477677205254,0.09917065787998969,0.16185228860568426,1.4289648516826976
0.07475277902083732,0.12782214840747694,1.431561618395495,-0.008302775062322482,0.19294114360671868,1.3746943134539826,-0.041003745657195716,0.16819889085144274,1.4509451727713563,0.10907772434826005,0.12536126159811564,1.42542780768866
0.08232542956309287,0.12131680643624718,1.4227046413572662,-0.001384607471327543,0.15432224114180512,1.3698541056328333,-0.034282945890695124,0.1471306020085683,1.4458759432536112,0.11817290485290131,0.11649452843409247,1.420048301454306
0.0904534558393276,0.11650593090267322,1.420068660795618,0.003286495793641009,0.14359911878861212,1.3655113949071107,-0.02818084544999424,0.1504198742516772,1.4396679546883009,0.12507054637513115,0.08769943840100689,1.4157509236251322
0.09557904286436505,0.11314987256679038,1.4188133651010697,0.008345135544085006,0.11931558288788255,1.3612583185744884,-0.023722077003189637,0.145629160843398,1.4343586723130106,0.12995263560135567,0.09404618958082067,1.4132785669481251
0.10286848117230646,0.11453711503022183,1.4129901756846805,0.013658677968186955,0.11516975745420084,1.3553594278058527,-0.019988401832049245,0.14548613526619525,1.432699070831039,0.13709617708556482,0.12002215469335066,1.4081150021801834
0.10629083169585996,0.09798326950952677,1.4093975285030673,0.021150669543948453,0.12204115368799688,1.3541753886371246,-0.015421254724940965,0.132982040222025,1.4302371720190648,NaN,NaN,NaN
0.1125643940584878,0.08737393136251694,1.4043666958499965,0.026300696253526403,0.11851145514638059,1.3521426567754167,-0.009750193465349957,0.11250501093229749,1.4288171877544784,0.14745179741675174,0.07754779373853196,1.3981483984028782
0.11962629073656159,0.07760812231584875,1.4001467035021153,0.03201596048009103,0.12178296876367774,1.3501063891789171,NaN,NaN,NaN,0.16231486808488604,0.06877713720741839,1.3941444276841928
0.12894805581493424,0.07749586197876857,1.396766019782112,0.03849069033614417,0.13110104970035236,1.3434286309021148,NaN,NaN,NaN,0.1641617155138655,0.08733476062090734,1.3876702365728808
0.13382845281053607,0.0578675586541888,1.3901538048438293,0.044072406721016796,0.11997694110513572,1.3360255220354482,NaN,NaN,NaN,NaN,NaN,NaN
0.1406380066075546,0.06264299210667677,1.3842803067591232,0.049547850904865576,0.13611554253228036,1.3300418581593791,0.01373077758802854,0.0932563449126801,1.4050597415300445,0.17786790112227796,0.052955300847154704,1.3772734414285766
0.1484977705697053,0.05375943217723599,1.3808681902838937,0.05518128383806916,0.12925189217274205,1.328049131809895,0.019078534604713315,0.08869058930889906,1.4007176185868866,0.18660905457511098,0.046677855940699786,1.3729217948785184
0.15279926302753064,0.03785274559326771,1.376525092833233,0.061413368239256014,0.09780220419965487,1.3199882446079891,0.02653287915247945,0.07592721550234084,1.3956049436638276,0.19365665807176505,0.04713758658883413,1.3706005937707393
0.15755011750021505,0.03752741020272658,1.3728974299313343,0.06649948503187897,0.10056527478288041,1.314818181371991,0.03337754173632467,0.06738033398126991,1.3913638530913015,0.20006023330206454,0.030930472132321248,1.3656332354728036
0.16276212489120487,0.03399896018336593,1.3700879627306737,0.07324295450157858,0.08653024488151824,1.3098058071073555,0.03972827595138009,0.06259780295520474,1.3852091145258483,0.20421906311370297,0.033751313614462625,1.361526225096953
0.16856131185117504,0.03306465038054644,1.364945211411108,0.07877550612607788,0.04889948123153794,1.3055947379386674,0.04478637380243478,0.05382650511963342,1.3799381720791855,0.20901505472824952,0.04501654395533854,1.3579519632679393
0.1732566197956369,0.015041233895461205,1.3575172971327487,0.08220395384195249,0.041706714209689515,1.301922867252129,0.04713679389839839,0.04476228950296604,1.373589181422646,0.2146627409849682,0.033676688558363935,1.354534462885791
0.17684220967704836,-0.00811076652751439,1.3513443995038656,0.08691121530254903,0.04750327078478321,1.294385366969131,0.05321283184596665,0.04828591382288205,1.3683030921877966,0.2211816582902181,0.03814400489935743,1.3483896603600747
0.1818953282324602,-0.0040087859104365854,1.3464125321989928,0.09061051054318196,0.06010925857761383,1.2875481965487507,0.05609264178750898,0.06775605778881678,1.3618317153804016,0.22452800061782155,0.03775859584557535,1.3447952315760625
0.18486086158256382,-0.010659790358975525,1.3407708431975007,0.09803707912293186,0.02574628534248446,1.281852241567736,0.05899958446144862,0.06731843348480898,1.3582628894542874,0.22905520757710507,0.03819861729225793,1.3401816217519025
0.1887917228861048,-0.005171582436412849,1.3351252879393352,0.10143875323623683,0.018690212896700743,1.2789502893015807,0.060615001524939184,0.06289670106310401,1.3555765723773698,NaN,NaN,NaN
0.19056217248871699,-0.016634618387607974,1.3326790816461098,0.10411029252683575,0.011465937078229179,1.2752311140080113,0.06340265565983544,0.06289780178598678,1.354794384992746,NaN,NaN,NaN
0.194436637513225,-0.010943136190386966,1.3283260908284722,0.10594935842247195,0.014838734344876613,1.274541744069369,NaN,NaN,NaN,0.24539663997006222,-0.007684412332329048,1.3245281210032032
0.20442377522523925,-0.026891058279643425,1.3205037673510651,0.1161323662324179,-0.006185276527142942,1.266603173828269,NaN,NaN,NaN,0.24948843331067924,-0.01632670647017419,1.315063392663189
0.21023593898324477,-0.009973956113060605,1.3200984530236703,0.12196303880450883,-0.0031743721425799266,1.26224208376673,NaN,NaN,NaN,NaN,NaN,NaN
0.21641546250264593,-0.03176919130958382,1.3153334298885286,0.12798455008746445,-0.017171213086877465,1.2571628107745167,0.08404541147254779,0.019400251794293204,1.3309376093940362,NaN,NaN,NaN
0.21871150034327821,-0.03987189361347669,1.308356618858693,0.13212193619092913,-0.028409638991802964,1.2488588539997174,0.08857780649421758,0.014564445190971349,1.3246731906277274,0.2624894607546171,-0.007135662412125699,1.3038473937273676
0.2226651241520932,-0.06542919811599901,1.3041256815845752,0.13298148681222247,-0.03309932949881054,1.2403581015528333,0.0951994368878474,0.014222339909517275,1.320366417830578,0.26774862138741207,-0.0449223622959362,1.2994062656610017
0.22737647749256126,-0.06523065218170064,1.2998370857842416,0.14027397332596894,-0.03409569638205949,1.2314156981742617,0.10057193128485593,0.00974579769205015,1.3160094893374454,0.2726382731463401,-0.046715350260259116,1.2948123060877876
0.23058908597140268,-0.06750192247909723,1.2961253056162894,0.14538814873364075,-0.05791313112658592,1.228631411543651,0.10598585782361071,0.005129607291234134,1.3107218217929666,0.2745517467170071,-0.06684117584388947,1.289579060714474
0.23515953459540775,-0.08485796878291607,1.292538573199897,0.14751434878628428,-0.06151770946311043,1.2264180733333594,0.10874595543750593,-0.019672439473926148,1.3072358140794875,0.27791772015175314,-0.07996496715104202,1.2871004776637935
0.23772303498750752,-0.0887134284404668,1.2868483205514256,0.15074763206499936,-0.061901772847954846,1.2227002132351963,0.11170530111436731,-0.03272695027012531,1.3009102175984841,0.2809958694660036,-0.07826232493011884,1.2818531699003146
0.24183318973247603,-0.09670193186710409,1.2819025943286892,0.15569748919109472,-0.07318620150497313,1.2136448478119592,0.11499816941621796,-0.041689803717190665,1.2945836941548594,0.28555960084594934,-0.10332699185459412,1.2794733875192812
0.245096337488228,-0.10557036224277892,1.2795096006626379,0.15741217182178005,-0.06778870079810256,1.2043829555868313,0.11696630613219967,-0.06704844388520495,1.2882415174922042,0.28692408611649867,-0.09601628752276314,1.2746554703707007
0.2492581261910118,-0.12016437628822567,1.275882812898548,0.15863512303166066,-0.054672093647699094,1.2013128838095957,0.12030370913916154,-0.07616122705398293,1.2809760842006293,NaN,NaN,NaN
0.25223050676483955,-0.11509614719808844,1.275377606995183,0.15888594821021174,-0.04526683805365723,1.196641366910529,0.12179638081477262,-0.07286991415791114,1.2754380665235037,0.2924316671987528,-0.10556131627030534,1.2674061695393395
0.2545119567292737,-0.11306631695581681,1.2715978228938718,0.15983807661683092,-0.05620028356428978,1.1912595191729536,0.1234718278435723,-0.08996884771618378,1.2699741079922413,0.29382101131978017,-0.1093143296574756,1.2658684980811787
0.25635578282254395,-0.11479674080226547,1.2704031679345167,0.1612850356295134,-0.07048884374169702,1.1859062946979542,0.1261030869877159,-0.0946021573634009,1.265455391312743,NaN,NaN,NaN
0.26207606299719066,-0.11078042247297197,1.264855079160307,0.16563850464179952,-0.05740117863075799,1.1814533757494123,NaN,NaN,NaN,0.3015454467320251,-0.11800612456741272,1.2581911767909788
0.2648592015463633,-0.1282294011001908,1.2592080488378787,0.17333042871478505,-0.09224372097258207,1.1717810293231854,NaN,NaN,NaN,0.30126699573349447,-0.12555719467008442,1.252783464392152
0.2694339836197742,-0.14721565740404477,1.253657079428759,0.17935388688601667,-0.10605608048477116,1.167443487030947,0.13992923515944072,-0.10952551840938463,1.2428627852944816,0.3075424371516383,-0.15046017988513494,1.2488520714969917
0.27356234943819274,-0.16334633115574285,1.2487204902709164,0.18353690419297433,-0.1010838816344836,1.154417988320322,0.1457108815022852,-0.12251081908211446,1.2357226951946148,NaN,NaN,NaN
0.2772855097913266,-0.16688720815581565,1.2456791462630266,0.18885790243373182,-0.125465533814949,1.1477025197922492,0.14940431163882728,-0.14005428314058294,1.2266040950196606,0.32152418547253736,-0.15942608675176834,1.2431269497580666
0.2799794908703601,-0.17412785704571168,1.2445411608891643,0.19669288760841172,-0.15040166396620128,1.1364356800020818,0.1546165085060826,-0.16156910654417056,1.2175681997293328,0.32721620151051906,-0.17054837994566688,1.2402085222915933
0.28357779984396697,-0.18709054550871382,1.2421641933018055,0.20216916123461734,-0.1649922106883969,1.1273706266221803,0.16022700031339485,-0.16668170501553478,1.2085166655603463,0.32751120557898217,-0.1821817197477799,1.2380828301434865
0.28506042497454215,-0.18624813723372152,1.2396405034752163,0.20507820115935285,-0.1728999921739662,1.1189428302864555,0.16485452551428478,-0.18415405275807992,1.1994291864693443,0.332572249642347,-0.1942972324597526,1.2356718673761262
0.2872269409962973,-0.1847778417257303,1.2371524018955167,0.21079582430536503,-0.18394499456291533,1.1106631653126917,0.17063626730451315,-0.2095737551938739,1.1913453318465157,0.3340416504283238,-0.1781440699294142,1.2313817098164985
0.2881315621692244,-0.19050083413216426,1.2359129614646303,0.21711758131276485,-0.19430495241495285,1.1063163408552381,0.1749238878440732,-0.21858200200409003,1.1840894631882501,0.3347307398583135,-0.18262924751495024,1.2319699517268312
0.28988402356682585,-0.20174748072415224,1.2347308930361678,0.22200852656506317,-0.17867163640008835,1.0956614179924837,0.18110327033782084,-0.22756107998935732,1.1759953486637882,0.3357112262576239,-0.19343901637689637,1.2282506941249618
0.29080577729843204,-0.21742316451147278,1.2309093829169941,0.22686440315798018,-0.18350267834254713,1.0842120243028905,0.18580389159917454,-0.23272503727729565,1.1668771471827608,0.33855837797526434,-0.18626167540042227,1.2251382384908915
0.2899454092662283,-0.2217471545827431,1.2289194691932848,0.22840713841252336,-0.18775244734676827,1.0780459389521981,0.19011233253560103,-0.22927380089870997,1.1605434011779412,0.34007471635390923,-0.19042211884903182,1.2208919553564723
0.29165838944496175,-0.24278089421139268,1.226449894872301,0.23309579874810094,-0.1919682152893787,1.0704879162570315,0.19349549996768342,-0.22591237092428448,1.1541608127810592,0.34144844731581286,-0.19407847992886576,1.2198885257791505
0.29241680816090476,-0.2523265775974923,1.2226018624109243,0.23845781190781312,-0.20602255166765246,1.0645126099658873,0.19819812063098252,-0.23107089547855586,1.1450409123591134,0.3415337571883745,-0.20393111027326427,1.2144892885054859
0.293188209711949,-0.25199652137173495,1.2206887504494641,0.24455324439949677,-0.20959153108082432,1.0601520197867988,0.20334775627083362,-0.2272411927700589,1.140629752014605,0.34258129856111796,-0.21070486238784886,1.2150992594167729
0.29438405646149224,-0.25443738882578315,1.2188037859300256,0.2513603117014262,-0.2231167148726087,1.0565944646271166,0.2095297896497748,-0.2486118280424876,1.131589287908997,NaN,NaN,NaN
0.2944004804530043,-0.26442117013560057,1.2162169095484856,0.2574259187498644,-0.22654599731876568,1.0530114030525306,0.21764872565249246,-0.2647824994863208,1.1282757653488444,0.3458119459879001,-0.19003396905502232,1.2043989396412036
0.29794956387133303,-0.28153420881892377,1.2092692707787238,0.26245889314607235,-0.23345589331469616,1.0493656689211095,0.22574155374917926,-0.2488242405388225,1.1212098278381502,0.34420181001539807,-0.21949128119657269,1.2027277758402988
0.30045094016003443,-0.2923972481623086,1.2068141990006267,0.2683322487962667,-0.24052613571304632,1.0442011440687309,0.23302294117927064,-0.2529385182634827,1.116912679441047,0.3476121160084559,-0.22589625413600609,1.1996662582043802
0.3049916477308596,-0.29566992356488025,1.2011970101559108,0.27391059930359485,-0.2508789381004338,1.0397942713828,0.23781108790661643,-0.25306558418313974,1.113419244256405,0.35281322601160897,-0.22888040678342522,1.1977810661489712
0.30981005282753216,-0.27575732907225753,1.199473546823844,0.28085668349802356,-0.2545707619347942,1.0339100924760356,0.24131331570717776,-0.25724848988484095,1.1107928253946184,0.3573723054927538,-0.2423915897291709,1.1931611679884715
0.3141586631852468,-0.30375604694031216,1.1977906584057552,NaN,NaN,NaN,0.2457821122344022,-0.26148038337681445,1.1072799763142527,0.3637775847224808,-0.2431102144007087,1.1918797560919068
0.3174561787520758,-0.288929563295086,1.1933861043643248,NaN,NaN,NaN,0.24771429090242303,-0.2615876151444918,1.1055079746542205,0.3676385565288719,-0.24783071716403662,1.1926360094536768
0.3199698272319695,-0.28988869756386765,1.1928711427672312,NaN,NaN,NaN,0.2502112570318576,-0.26556159023407144,1.1047026632487356,0.37068265239453985,-0.25716839926968876,1.1922685282311913
0.32402107753898324,-0.3013052506263505,1.1963633922058592,NaN,NaN,NaN,0.25326511926913153,-0.26102351860008893,1.1058087051154968,0.376357166598248,-0.2680686883631613,1.1904157411040766
0.3271897656549175,-0.3114022571469618,1.194591334127539,NaN,NaN,NaN,0.25445751525676374,-0.24431484339800077,1.107758243947852,0.37841040582098007,-0.2665930247166695,1.193782069153672
0.3314773115069196,-0.31374346738766545,1.1948255948191646,NaN,NaN,NaN,0.2568723622538428,-0.2479914154067417,1.1088248003755468,0.38221566715951577,-0.265815051393713,1.1934433659207337
0.33545054458407497,-0.3192846130990621,1.1963511155675564,NaN,NaN,NaN,0.25686329688220905,-0.2427174733011711,1.1163296271872765,0.3866936798035904,-0.26943385937840014,1.194232131802466
0.3390249339273849,-0.31228270880547104,1.1991433048097528,NaN,NaN,NaN,0.25758339769430744,-0.24189162027376301,1.1210580418382152,0.3901185361802609,-0.2863578132162905,1.1960659981558328
0.3418833591882268,-0.3212500803386865,1.2045272012116017,NaN,NaN,NaN,0.25706094153203407,-0.24525606170652664,1.1257183478913582,0.3908381884107383,-0.28139649742827655,1.199356836097245
0.3428543259771652,-0.30744576904590304,1.2058635045272248,NaN,NaN,NaN,0.2582216133054197,-0.24077359867494658,1.1276572274692325,0.3985743455156816,-0.3161160180114983,1.2052524687543547
0.3457707121420277,-0.31660976837993443,1.209947199976803,NaN,NaN,NaN,0.26153360634629225,-0.2565609809372127,1.1287731928138243,0.3984298638803763,-0.31561297583479464,1.2085040994985068
0.3480864340520626,-0.3168515051565525,1.213985188835742,NaN,NaN,NaN,0.2634690825594482,-0.26374927958081307,1.1335683604667526,0.4005232142762812,-0.31953194759345216,1.2135136697312383
0.3501456278845369,-0.3204889203256508,1.2180153898453163,NaN,NaN,NaN,0.2640767828085682,-0.26775859134810903,1.133601363185031,0.4026988577115087,-0.31845726422988974,1.214172700421569
0.35103450383164553,-0.33167026131678917,1.2213444046357789,NaN,NaN,NaN,0.2623110014233113,-0.2753311162950772,1.1381985561462444,0.40568047085055525,-0.31798806995484746,1.2186798024677354
0.3531821162620402,-0.3411688467658859,1.2273491909887588,NaN,NaN,NaN,0.2645910244991958,-0.3031896515461752,1.1411424493030038,0.4079590234588479,-0.3278127471152956,1.2220801017111367
0.3539561681532101,-0.3463931631836618,1.2293586078319443,NaN,NaN,NaN,0.26439816631991936,-0.31485810956839727,1.1448913346494012,0.40708180549140155,-0.35233629189993854,1.2242507351498277
0.3542999719699131,-0.34885389338007694,1.2313396790722544,NaN,NaN,NaN,0.2651729503835479,-0.32658326475736127,1.1477548688344326,0.4076617090687509,-0.35641100283463234,1.2275524858745896
0.3566806965323578,-0.36473479879197845,1.2360691535529476,NaN,NaN,NaN,0.26602983503012645,-0.33861247573798336,1.1487448021521633,0.4068198204981004,-0.38643204936802233,1.2313724225775773
0.3572524377292821,-0.3636854803234897,1.2387089697121092,NaN,NaN,NaN,0.26497942962619714,-0.3382726572724709,1.1515070544444987,0.4086222553457808,-0.40317277647632765,1.2342238351169748
0.3581151945084787,-0.374791072501579,1.2426966748785546,NaN,NaN,NaN,0.2677353816714654,-0.357379189402568,1.1582445719582426,0.41170774450736625,-0.403003835583575,1.2365672580508358
0.36046771703874675,-0.38501150231830134,1.2441524240645823,NaN,NaN,NaN,0.2676237705364141,-0.3693916609538775,1.1601257889760468,NaN,NaN,NaN
0.3616453940184609,-0.392911328346745,1.2468463555635503,NaN,NaN,NaN,0.2690190284368714,-0.3976750825638093,1.162099494209363,NaN,NaN,NaN
0.36313774866774867,-0.39759867849819347,1.248244167363391,NaN,NaN,NaN,0.26925666195335585,-0.3932302390032225,1.1639912314910246,0.4218143800334263,-0.2945388368837926,1.2472078519214707
0.3637147151340282,-0.4064541330617464,1.2489493417488853,NaN,NaN,NaN,0.26987667463679704,-0.40975967603909125,1.1630948251400868,0.41902730454125386,-0.3314121487786699,1.2482286179656468
0.36512118071401456,-0.41084083626909135,1.2523025527825162,NaN,NaN,NaN,0.2703631256092068,-0.41335839186416184,1.1659468847051413,0.41684332094741167,-0.3525207905020275,1.2497906680646957
0.3646033796335927,-0.4077672388605119,1.2542272048299055,NaN,NaN,NaN,0.26979441336343263,-0.4094659215991117,1.1649722148754567,0.4156978295654243,-0.36555108483978943,1.2530227855412004
0.3646919083886517,-0.41365642891928806,1.256206924461432,NaN,NaN,NaN,0.27020901626668226,-0.42527469340199353,1.1687713731902385,0.41573911872762104,-0.35616186884740647,1.2551778893309509
0.3631124396720874,-0.40866219951529065,1.256762740032338,NaN,NaN,NaN,0.26984748989663515,-0.429287079432684,1.1696963589879712,0.4163509505372045,-0.36987431933863796,1.2547004695855357
0.36268686247682413,-0.42140289039646966,1.2587328277066785,NaN,NaN,NaN,0.2697653047387326,-0.42899140970927213,1.1715748257208778,0.4150919201003746,-0.377250411728456,1.2579148370472693
0.36245496075215206,-0.4150003567311696,1.2600105490598605,NaN,NaN,NaN,0.27005435031704633,-0.4372032461188288,1.1715972710749913,0.41359633100819515,-0.39337224756061484,1.2633171042748528
0.3616514120895918,-0.41524870699745864,1.2625819318447158,NaN,NaN,NaN,0.26940371552792153,-0.4330087452083664,1.1725001300923408,0.4131643078443772,-0.37598981167275514,1.2654245502853627
0.35998622563809807,-0.4099485131935192,1.2650918459287857,NaN,NaN,NaN,0.26635840250088877,-0.4199489239740319,1.1789138394113967,0.41252262918719634,-0.39184952499209585,1.265432353450207
0.3597003063639256,-0.4132742978306236,1.2657389364233969,NaN,NaN,NaN,0.2660376743948824,-0.4241101030132654,1.1789006584242052,0.4136386456711222,-0.3839641542543316,1.2654712757641118
0.35901180768828345,-0.41392758984953953,1.2657036436551787,NaN,NaN,NaN,0.2644167434996028,-0.4198819928868502,1.1806917678547109,0.41362617211883373,-0.4040837935457962,1.267701760087535
0.35809599813967957,-0.4236981727140976,1.2689489754229364,NaN,NaN,NaN,0.26319939748371995,-0.411791724277551,1.1806177129027644,0.4128142955794851,-0.4193931057372075,1.2715113089467809
0.357292400636745,-0.4239449191125755,1.2715207558262502,NaN,NaN,NaN,0.26243416019960225,-0.4196677564237649,1.1834084038338593,0.41354468830623126,-0.40910354648151126,1.2720662190815102
0.35554283214478866,-0.42827718280195654,1.2740535578308831,NaN,NaN,NaN,0.26166165789893464,-0.41503009037381744,1.1871265413486531,0.4106703539302787,-0.425956116861159,1.272503576536261
0.35296066629611433,-0.452669621297361,1.2759476500534461,NaN,NaN,NaN,0.2606089229878573,-0.4146977082324411,1.1898929221267092,0.41222873203210375,-0.43123247346935595,1.275870161256555
0.35175454386426797,-0.45023777631736983,1.277837589490046,NaN,NaN,NaN,0.25898920153650506,-0.4104699815904646,1.1916826056636018,0.4116664523525128,-0.44317078279283334,1.2796880093813794
0.3469259331260656,-0.47044240915957053,1.2796011974774042,NaN,NaN,NaN,0.2595973291240269,-0.4145182903315155,1.191720728644662,0.4085360464855279,-0.42827781923293756,1.2789311328854625
0.34439466704135296,-0.47952964030409134,1.278183830286203,NaN,NaN,NaN,0.25810071234237913,-0.4107328443199591,1.1906939518265776,0.40844984136791634,-0.42265740862857276,1.278365149036188
0.34120204708784785,-0.48501760302483143,1.2819554640576005,NaN,NaN,NaN,0.25576039852842036,-0.427060491983563,1.1934126610292384,0.40467818465181377,-0.44398749569587104,1.2793149081595911
0.33703184597240726,-0.4888943849436578,1.2823977395815271,NaN,NaN,NaN,0.25422306859541666,-0.4231259954225299,1.1933245763487346,0.4007921852528395,-0.4596452769549308,1.280242512324345
0.3315811915764658,-0.4743731164492407,1.28467691821275,NaN,NaN,NaN,0.25086713861869137,-0.41956462345719875,1.1921972996653865,0.3970722281177525,-0.4662642845244315,1.2806072995247673
0.3247304570522236,-0.48684382459404574,1.2869659978400703,NaN,NaN,NaN,0.2460550960815367,-0.4446593867123545,1.1938538618574468,0.39203793133000353,-0.4598077774253498,1.283587476100197
0.31700568954701586,-0.5037894951873795,1.2872600803996368,NaN,NaN,NaN,0.24176588901607948,-0.45379520286838293,1.1917506053932319,0.3831685910337348,-0.4488365262217495,1.2847118312791055
0.31342122367534087,-0.5167789285580143,1.287764372878943,NaN,NaN,NaN,0.23803901022760296,-0.4668711092117151,1.1906240760003373,0.37823738500635107,-0.4577782665228691,1.2844745475154458
0.30665276437787936,-0.5037324904028215,1.28866758723509,NaN,NaN,NaN,0.23240410138152318,-0.480066302171228,1.1903368991038383,0.36965131156452563,-0.45852553536060553,1.284015388742845
0.3002964726049952,-0.4877195180895433,1.286309839715292,NaN,NaN,NaN,0.22872650475645073,-0.46807338738141335,1.1901232589887853,0.36247918364702303,-0.46845489434099447,1.2842059179712564
0.2941020391808916,-0.5096723586727568,1.2867028146996606,NaN,NaN,NaN,0.2257779341436843,-0.46060574973524343,1.1871279733384663,0.3569057758702191,-0.46334208612394023,1.2855257527547181
0.28607227461259627,-0.5244270503607388,1.2836987238609603,NaN,NaN,NaN,0.22057865197795734,-0.48269624498501396,1.183103578030953,0.3496253857734399,-0.46210130602210364,1.2834952197809808
0.2802235209612594,-0.5273914480772954,1.2807732577275166,NaN,NaN,NaN,0.2165095419299591,-0.5000665215733344,1.1819605729849016,0.344198608007555,-0.4574849532805134,1.2815539673176854
0.2747823395113307,-0.5171535251227296,1.2771737838333532,NaN,NaN,NaN,0.20975151740252826,-0.49276862799591425,1.180644969071262,0.3362283001263435,-0.45167247905932223,1.2789276957144233
0.268665114867862,-0.5133746471479163,1.2768333108126906,NaN,NaN,NaN,0.20437044322473955,-0.514383956748394,1.1803780316097892,0.3313829384994062,-0.4817162073276201,1.277122182980985
0.2630859858399931,-0.5128328851434617,1.2739116709330245,NaN,NaN,NaN,0.20153118507509232,-0.5146098528610173,1.181168327428558,0.3264081813041721,-0.48521322771078085,1.275229124096491
0.2581847646936309,-0.5436519727666871,1.2730854796591984,NaN,NaN,NaN,0.19721764326614463,-0.5238815172803315,1.1790587845282205,0.319715698854331,-0.4980798337307749,1.2721797435086126
0.2528430984922948,-0.5395135454210144,1.2708198087950413,NaN,NaN,NaN,0.1939810640920011,-0.5207525228338995,1.1751067978430432,0.3157369507033258,-0.5028827660563877,1.2697972256793362
0.2488186929235015,-0.5543670201130073,1.2647474549271116,NaN,NaN,NaN,0.1872650963739855,-0.5135856456492423,1.1728504590818443,0.3106201648237864,-0.49495273799702394,1.266771605629512
0.24190898103667938,-0.5612541097507185,1.263739568083024,NaN,NaN,NaN,0.1827232596806796,-0.5146631939552722,1.1697760444121839,0.3059729603390558,-0.5007207038893986,1.2654465592614659
0.2360545925669966,-0.5481102685274171,1.2601100879229665,NaN,NaN,NaN,0.17552393414223788,-0.4909228398405579,1.1665372810998305,0.2990939073461135,-0.4965243049349383,1.2601548714990238
0.23150616891778597,-0.5760285585954327,1.2566627203124223,NaN,NaN,NaN,0.16900651417926954,-0.5046807532619684,1.1643103799381544,0.29375833011752744,-0.4977004526597091,1.2582342428032345
0.22545621925506,-0.5887709322222232,1.2550589964634733,NaN,NaN,NaN,0.16150929025428187,-0.5184521441332695,1.1629728542744227,0.2878179512896137,-0.5055832265967267,1.257935344177425
0.21949069375196956,-0.5751680280907685,1.2540460115061536,NaN,NaN,NaN,0.15678825571689253,-0.5114480921852692,1.1579956212571736,0.2799956264177416,-0.5113231561306861,1.2558923087294682
0.207950909793378,-0.5773663677807379,1.2501509117596634,NaN,NaN,NaN,0.14882350648085216,-0.5290626066081807,1.159464639994586,0.27266925763064265,-0.5044146559967475,1.2527516130078225
0.20107940816564418,-0.5681665586998258,1.2477900557894914,NaN,NaN,NaN,0.13965549996527407,-0.5514453893338572,1.1589852864155672,0.26636342844962985,-0.5255191503471808,1.2502822673831633
0.1932636071972098,-0.5528144271327419,1.247985951176004,NaN,NaN,NaN,0.13268465310918212,-0.5693633104812997,1.1586215814957916,0.2607867457471909,-0.5359087586622205,1.2494620659326707
0.18670527147602317,-0.5565048394124082,1.2450196707972994,NaN,NaN,NaN,0.12333721815558729,-0.5706804899958229,1.1581175195864826,0.2546807804057154,-0.5266115085324528,1.2469262779540062
0.18031157147541615,-0.5562329768577329,1.2446746408752232,NaN,NaN,NaN,0.11427573254366043,-0.5806229420042578,1.156690092781877,0.2450814704668904,-0.5418027979013056,1.244261964390372
0.17280376333829042,-0.5642697266609419,1.2410112331427976,NaN,NaN,NaN,0.10722027758874032,-0.611628253026148,1.1553849195299413,0.23721123898142202,-0.5419004747741777,1.2411076548988556
0.16615584698632738,-0.5676633957348218,1.240005605367411,NaN,NaN,NaN,0.10034490486828104,-0.6037746115785836,1.1568988467968393,0.23006599410524078,-0.5310912029337198,1.2401514020560278
0.15545225175445998,-0.565067367426065,1.239422674443448,NaN,NaN,NaN,0.09399555299428436,-0.6054879460460771,1.1518299883509262,0.22257614652169883,-0.5392651710819542,1.238128724210488
0.1466521384552201,-0.5537535175958085,1.2402326755842048,NaN,NaN,NaN,0.08944451521806532,-0.6275494723744393,1.1515976689892873,0.21583664217655918,-0.5366146432956818,1.2377596369790669
0.13781576802774062,-0.5694291301531922,1.2378270240440206,NaN,NaN,NaN,0.08488212064326756,-0.6287018958548806,1.1485142982135268,0.20604471848310224,-0.5343372767366446,1.2339502035383514
0.1288902325267381,-0.5682235209812351,1.2379993900957824,NaN,NaN,NaN,0.07840573828456154,-0.6299794254697376,1.1462730580754195,0.1958828950011821,-0.5408941147791961,1.2339634716965668
0.12008959933827691,-0.5734818722027838,1.2381937647473042,NaN,NaN,NaN,0.07306321686544799,-0.6185334095147405,1.142195788149876,0.1852339044782226,-0.5275736980812905,1.2322679887064127
0.10982564122877016,-0.5738606565200318,1.2369856292635115,NaN,NaN,NaN,0.062256743031787916,-0.6428952315208722,1.1340527880019908,0.17574259400231057,-0.5331430531904431,1.231222706919791
0.0998217129945739,-0.5705439398624955,1.2364386746558615,NaN,NaN,NaN,0.054718419313286915,-0.6438624625351321,1.134591398707016,0.16736805347492575,-0.5576106055340864,1.2313719281329265
0.0912244595735828,-0.5887162414010041,1.237331427390565,NaN,NaN,NaN,0.041169706196657684,-0.6364565840002763,1.1385870425135693,0.15715065571230832,-0.5583605021238868,1.230823026050138
0.08147403054303107,-0.5924432141607965,1.2335336793274418,NaN,NaN,NaN,0.032735370478165236,-0.6377076671605297,1.138131368463383,0.1471629525070842,-0.5438876852945362,1.2286136919943191
0.07184572576643118,-0.5919294442943625,1.2336697191592971,NaN,NaN,NaN,0.026218467926525112,-0.660144241973601,1.138734401512141,0.13942383725176943,-0.5455695111115819,1.230385560847287
0.0632244807541371,-0.6040990551671958,1.2319211710836449,NaN,NaN,NaN,0.018554737144006538,-0.6606588150976266,1.1421067175552717,0.12869774584749635,-0.5594070855423121,1.2298383072379608
0.05364889039852775,-0.603806852897873,1.2307477818539783,NaN,NaN,NaN,0.0039710482157944635,-0.6102193870750264,1.1450755412632074,0.12013336247072899,-0.566205346985726,1.2293919829809554
0.045120786079607754,-0.6055234819296499,1.230948712336241,NaN,NaN,NaN,-0.0008214360911183951,-0.6590850070461445,1.1420047679592822,0.11188315694900716,-0.5753428711052273,1.2295143561687827
0.036244203721873404,-0.6045252044817135,1.229811305257817,NaN,NaN,NaN,-0.008478275523055205,-0.6732890012669952,1.1415980137655237,0.10268108887980085,-0.5833514326128442,1.229036259591386
0.026322050545866536,-0.6014991501943256,1.2272998346667694,NaN,NaN,NaN,-0.016753417962600537,-0.6968468496390756,1.1383205813293797,0.09388034966292785,-0.5882238940600238,1.2258386655372715
0.017335962495543186,-0.6000583372469,1.2287815168969451,NaN,NaN,NaN,-0.025945383116214842,-0.6853307419684398,1.1368711103164186,0.08428128160155363,-0.5878143998232728,1.225320195122971
0.007845183746651038,-0.6000611661336309,1.2256439115640343,NaN,NaN,NaN,-0.03268607598203816,-0.691552358843283,1.1317726481878831,0.07671511796664744,-0.5961086743295883,1.2238365530264872
-0.00035593865425674685,-0.5982313509402781,1.2251976319828528,NaN,NaN,NaN,-0.041016821025010204,-0.7012728931886996,1.133220377732166,0.06745290388490958,-0.5922693335239182,1.2222351135748746
-0.009461121804725994,-0.6073438037102651,1.2247273697370027,NaN,NaN,NaN,-0.05309758495158047,-0.689834602325005,1.1335096954995458,0.059972089865263555,-0.5785661614861424,1.2223492586228433
-0.017512770945625786,-0.6123346454809937,1.222991074170181,NaN,NaN,NaN,-0.06237025576476193,-0.6917527270994244,1.1301668942386094,0.051084265021710214,-0.5654805810920923,1.2180154674027304
-0.026641795391875354,-0.591578910074731,1.221139318604345,NaN,NaN,NaN,-0.07085858167961864,-0.6849239529339285,1.125916274350023,0.04252425779835421,-0.5724214137057706,1.2170215054442808
-0.03422982116135873,-0.5824078808331143,1.2207096611335169,NaN,NaN,NaN,-0.08269284991342403,-0.682335163766154,1.125275176128029,0.03423338486521147,-0.5756684452929378,1.216581109122342
-0.041410358895992705,-0.5824723413116254,1.2222914443831612,NaN,NaN,NaN,-0.09354640725150255,-0.6797480359743743,1.1237400156090829,0.026931163962981185,-0.580266550482561,1.2156496811595763
-0.04760805282225436,-0.5892129250200911,1.2193467936993612,NaN,NaN,NaN,-0.10112545887255854,-0.6725738026911343,1.120487056750173,0.020319000978649263,-0.5898527295703146,1.2142187459041223
-0.05492708790299804,-0.5999096460349128,1.2189756282333755,NaN,NaN,NaN,-0.11325198608005944,-0.6747279480597385,1.11793685535225,0.01339215915757002,-0.609013159911742,1.2138839333837261
-0.06068469104713755,-0.5923677771034781,1.2179919459153958,NaN,NaN,NaN,-0.12016513415678834,-0.6803515600343911,1.1166161203306304,0.006623504206416219,-0.5882743268112827,1.211836042633896
-0.06930085326375382,-0.6112601670063788,1.2169119620949118,NaN,NaN,NaN,-0.1248817452776802,-0.6728781480502584,1.1125714728617626,0.0006731265285504049,-0.5908765150079294,1.2087853870274532
-0.07486424115677658,-0.6107930026427403,1.2133269276042975,NaN,NaN,NaN,-0.12991839172039724,-0.6782207216543873,1.1113517678250662,-0.00422730275043915,-0.5842900763840417,1.210149012110761
-0.07879517358002654,-0.6112428426098835,1.2137727782943895,NaN,NaN,NaN,-0.1371454950402219,-0.6663609150418484,1.1090662012467671,-0.00959785469114119,-0.5974595536947367,1.2098851168703812
-0.08695080907866014,-0.5792504843662152,1.2119519067830613,NaN,NaN,NaN,-0.14471076407528452,-0.6591275100659676,1.1058161260379977,-0.01621492039261505,-0.5951522231583288,1.2067883593075364
-0.09121628572261262,-0.5832538174683884,1.2130429695594678,NaN,NaN,NaN,-0.15072404712304646,-0.6421476842620631,1.1064385705197268,-0.01994591982107522,-0.6086102738954815,1.2055182726018208
-0.09651103737036953,-0.6028862352074459,1.208859035709132,NaN,NaN,NaN,-0.15657505759204066,-0.6257921619684879,1.1032841761517382,-0.02279775457534292,-0.6049866944447523,1.2042631695693375
-0.10156088103020065,-0.6009418518059989,1.209895754792465,NaN,NaN,NaN,-0.15896470968238083,-0.6218737923224577,1.1022089658159375,-0.026849151998193283,-0.6040190407055366,1.2013068868642545
-0.10427044592667237,-0.5914352766101283,1.2037196681183768,NaN,NaN,NaN,-0.16565566092319087,-0.6141424951103949,1.100901628038201,-0.032500923765396296,-0.6029785247783603,1.1982642460349076
-0.10552216858175625,-0.6062133919274167,1.203680848603286,NaN,NaN,NaN,-0.17046927604615986,-0.6061385263836012,1.099696203799315,-0.036231520464629394,-0.5803332254395885,1.1931011415959218
-0.10787526690984829,-0.6414184041308183,1.1923187363788759,NaN,NaN,NaN,-0.17328059025810694,-0.6065306646351111,1.099543838766055,-0.04088785591804301,-0.5927087948055288,1.1906820501315065
-0.11153676768464757,-0.6193647846807984,1.1920834608535287,NaN,NaN,NaN,-0.1757925798030456,-0.5939390430506718,1.0975189715577645,-0.04397481553908003,-0.5809241387874378,1.1866680208164162
-0.11316496379275594,-0.6059735555616893,1.1919726425584898,NaN,NaN,NaN,-0.17826394210196855,-0.5815071683163228,1.094551757687618,-0.04830510462294568,-0.5957809765141688,1.1842683251001926
-0.11483637262592643,-0.5931093221378079,1.1918603899347777,NaN,NaN,NaN,-0.18239581742557948,-0.5864921772290544,1.0943265348415046,-0.05096954296483999,-0.598906178333515,1.1792046606924336
-0.11864227268617264,-0.6072297482084261,1.1888551941629504,NaN,NaN,NaN,-0.1860411118011936,-0.565046110309497,1.0931898672176203,-0.053329580098537756,-0.610476116876409,1.1752620388171182
-0.12287315475812302,-0.5956809474174641,1.1829611230358503,NaN,NaN,NaN,-0.19240989566721242,-0.544298637249767,1.0900171842538382,-0.05794824440645699,-0.610973701325243,1.1706349984095115
-0.12442303310095942,-0.5832749738668035,1.180035898685391,NaN,NaN,NaN,-0.19812934985908107,-0.566988274969175,1.090644178473113,-0.06037551697673727,-0.6101646676378129,1.1672190041354795
-0.12876633679857705,-0.5712528947693348,1.176961851749314,NaN,NaN,NaN,-0.20573328545613187,-0.5817934569676336,1.0873907929473112,-0.06384981886052457,-0.5895345671199396,1.1642729296678165
-0.1297793831723643,-0.584978479574824,1.1741036236588969,NaN,NaN,NaN,-0.21268470772071368,-0.6097251686909657,1.0851108690557165,-0.06627558896103868,-0.5887174041925597,1.160858850129281
-0.13132632103954742,-0.5725679540191664,1.1711814959145437,NaN,NaN,NaN,-0.21944817326370228,-0.6241961944015485,1.0837916319718193,-0.06806909374308112,-0.5927624025489825,1.1580305357077068
-0.13400377278922904,-0.5734162070670545,1.1682156741767327,NaN,NaN,NaN,-0.22629639087815306,-0.6383918559070709,1.084360628083605,-0.07129816763648585,-0.5912987801686275,1.1507424050003903
-0.136036761061568,-0.6009106122906942,1.1624922870749927,NaN,NaN,NaN,-0.23095602739844356,-0.6475052772187163,1.0869443878752096,-0.0702903815184756,-0.6159095619580569,1.1437005326611287
-0.13859955081078656,-0.6022381011607632,1.156707661447584,NaN,NaN,NaN,-0.2351285752140358,-0.6380048869390044,1.0933478722690697,-0.06965669936512517,-0.6378938004170672,1.1377247121164749
-0.140025943323405,-0.5902672303030678,1.1509723642863592,NaN,NaN,NaN,-0.24020714445540536,-0.634917675777316,1.089287349948137,-0.07330357725761974,-0.6275150779081191,1.1320471372784022
-0.14258802629350445,-0.591590600241086,1.1451885912046154,NaN,NaN,NaN,-0.24230568751323026,-0.625941467499466,1.0910693921649026,-0.07468780392302456,-0.6160927328204595,1.1259466031778371
-0.14337472308498447,-0.6063069898763711,1.1366848415616173,NaN,NaN,NaN,-0.24695675640327014,-0.6267616901141374,1.089870544432198,-0.07926795123751097,-0.6228594440038981,1.1207732708248266
-0.1450333447779883,-0.5933848709047297,1.1365877765219312,NaN,NaN,NaN,-0.2508513152807052,-0.6183611086487891,1.0896619863972765,-0.08126400700578812,-0.612725118353488,1.114095330235615
-0.1443969597904554,-0.6201017318241461,1.1338123842121137,NaN,NaN,NaN,-0.255963510965329,-0.6150953372480616,1.0865474526071899,NaN,NaN,NaN
-0.1441629223698667,-0.6210405695249448,1.1281755381378002,NaN,NaN,NaN,-0.2591750147292275,-0.6200219884074292,1.086371635403667,NaN,NaN,NaN
-0.14506971623451625,-0.6353278971555013,1.1224803439002882,NaN,NaN,NaN,-0.26432516655000526,-0.6165918793354981,1.0842013350208364,NaN,NaN,NaN
-0.14775294699921512,-0.6362034898873352,1.1195095206429657,NaN,NaN,NaN,-0.26901399508919094,-0.6172437919046948,1.083946896344857,NaN,NaN,NaN
-0.1474017064632518,-0.637616980308674,1.1110505470042373,NaN,NaN,NaN,-0.27222793881378254,-0.622179371528357,1.083770731766289,NaN,NaN,NaN
-0.14870796269248282,-0.626075480457251,1.1025033519473797,NaN,NaN,NaN,NaN,NaN,NaN,NaN,NaN,NaN
-0.14973432875353013,-0.6399067575668608,1.0996194746849528,NaN,NaN,NaN,NaN,NaN,NaN,NaN,NaN,NaN
-0.14961729382923483,-0.6403782662436462,1.0967996043582617,NaN,NaN,NaN,NaN,NaN,NaN,NaN,NaN,NaN
-0.1510395319913373,-0.6283614187338359,1.0910745823701262,NaN,NaN,NaN,NaN,NaN,NaN,NaN,NaN,NaN
-0.15434968763994608,-0.6024604449105838,1.0909053260380046,NaN,NaN,NaN,NaN,NaN,NaN,NaN,NaN,NaN
-0.15640535172975112,-0.6301078508697731,1.0851316592855986,NaN,NaN,NaN,NaN,NaN,NaN,NaN,NaN,NaN
-0.1589716617147653,-0.6314538814517376,1.07934038602184,NaN,NaN,NaN,NaN,NaN,NaN,NaN,NaN,NaN
-0.1621584080500811,-0.6059898467734446,1.0763593109018557,NaN,NaN,NaN,NaN,NaN,NaN,NaN,NaN,NaN
-0.16495625641261505,-0.6063807842986969,1.0762073143624489,NaN,NaN,NaN,NaN,NaN,NaN,NaN,NaN,NaN
-0.16855419864121896,-0.6215620954190872,1.0675260852793873,NaN,NaN,NaN,NaN,NaN,NaN,NaN,NaN,NaN
NaN,NaN,NaN,NaN,NaN,NaN,NaN,NaN,NaN,NaN,NaN,NaN
NaN,NaN,NaN,NaN,NaN,NaN,NaN,NaN,NaN,NaN,NaN,NaN
NaN,NaN,NaN,NaN,NaN,NaN,NaN,NaN,NaN,NaN,NaN,NaN
NaN,NaN,NaN,NaN,NaN,NaN,NaN,NaN,NaN,NaN,NaN,NaN
NaN,NaN,NaN,NaN,NaN,NaN,NaN,NaN,NaN,NaN,NaN,NaN
NaN,NaN,NaN,NaN,NaN,NaN,NaN,NaN,NaN,NaN,NaN,NaN
NaN,NaN,NaN,NaN,NaN,NaN,NaN,NaN,NaN,NaN,NaN,NaN
NaN,NaN,NaN,NaN,NaN,NaN,NaN,NaN,NaN,NaN,NaN,NaN
NaN,NaN,NaN,NaN,NaN,NaN,NaN,NaN,NaN,NaN,NaN,NaN
NaN,NaN,NaN,NaN,NaN,NaN,NaN,NaN,NaN,NaN,NaN,NaN
NaN,NaN,NaN,NaN,NaN,NaN,NaN,NaN,NaN,NaN,NaN,NaN
NaN,NaN,NaN,NaN,NaN,NaN,NaN,NaN,NaN,NaN,NaN,NaN
NaN,NaN,NaN,NaN,NaN,NaN,NaN,NaN,NaN,NaN,NaN,NaN
NaN,NaN,NaN,NaN,NaN,NaN,NaN,NaN,NaN,NaN,NaN,NaN
NaN,NaN,NaN,NaN,NaN,NaN,NaN,NaN,NaN,NaN,NaN,NaN
NaN,NaN,NaN,NaN,NaN,NaN,NaN,NaN,NaN,NaN,NaN,NaN
NaN,NaN,NaN,NaN,NaN,NaN,NaN,NaN,NaN,NaN,NaN,NaN
NaN,NaN,NaN,NaN,NaN,NaN,NaN,NaN,NaN,NaN,NaN,NaN
NaN,NaN,NaN,NaN,NaN,NaN,NaN,NaN,NaN,NaN,NaN,NaN
NaN,NaN,NaN,NaN,NaN,NaN,NaN,NaN,NaN,NaN,NaN,NaN
NaN,NaN,NaN,NaN,NaN,NaN,NaN,NaN,NaN,NaN,NaN,NaN
NaN,NaN,NaN,NaN,NaN,NaN,NaN,NaN,NaN,NaN,NaN,NaN
NaN,NaN,NaN,NaN,NaN,NaN,NaN,NaN,NaN,NaN,NaN,NaN
NaN,NaN,NaN,NaN,NaN,NaN,NaN,NaN,NaN,NaN,NaN,NaN
NaN,NaN,NaN,NaN,NaN,NaN,NaN,NaN,NaN,NaN,NaN,NaN
NaN,NaN,NaN,NaN,NaN,NaN,NaN,NaN,NaN,NaN,NaN,NaN
NaN,NaN,NaN,NaN,NaN,NaN,NaN,NaN,NaN,NaN,NaN,NaN
NaN,NaN,NaN,NaN,NaN,NaN,NaN,NaN,NaN,NaN,NaN,NaN
NaN,NaN,NaN,NaN,NaN,NaN,NaN,NaN,NaN,NaN,NaN,NaN
NaN,NaN,NaN,NaN,NaN,NaN,NaN,NaN,NaN,NaN,NaN,NaN
NaN,NaN,NaN,NaN,NaN,NaN,NaN,NaN,NaN,NaN,NaN,NaN
NaN,NaN,NaN,NaN,NaN,NaN,NaN,NaN,NaN,NaN,NaN,NaN
NaN,NaN,NaN,NaN,NaN,NaN,NaN,NaN,NaN,NaN,NaN,NaN
NaN,NaN,NaN,NaN,NaN,NaN,NaN,NaN,NaN,NaN,NaN,NaN
NaN,NaN,NaN,NaN,NaN,NaN,NaN,NaN,NaN,NaN,NaN,NaN
NaN,NaN,NaN,NaN,NaN,NaN,NaN,NaN,NaN,NaN,NaN,NaN
NaN,NaN,NaN,NaN,NaN,NaN,NaN,NaN,NaN,NaN,NaN,NaN
NaN,NaN,NaN,NaN,NaN,NaN,NaN,NaN,NaN,NaN,NaN,NaN
NaN,NaN,NaN,NaN,NaN,NaN,NaN,NaN,NaN,NaN,NaN,NaN
NaN,NaN,NaN,NaN,NaN,NaN,NaN,NaN,NaN,NaN,NaN,NaN
NaN,NaN,NaN,NaN,NaN,NaN,NaN,NaN,NaN,NaN,NaN,NaN
NaN,NaN,NaN,NaN,NaN,NaN,NaN,NaN,NaN,NaN,NaN,NaN
NaN,NaN,NaN,NaN,NaN,NaN,NaN,NaN,NaN,NaN,NaN,NaN
NaN,NaN,NaN,NaN,NaN,NaN,NaN,NaN,NaN,NaN,NaN,NaN
NaN,NaN,NaN,NaN,NaN,NaN,NaN,NaN,NaN,NaN,NaN,NaN
NaN,NaN,NaN,NaN,NaN,NaN,NaN,NaN,NaN,NaN,NaN,NaN
NaN,NaN,NaN,NaN,NaN,NaN,NaN,NaN,NaN,NaN,NaN,NaN
NaN,NaN,NaN,NaN,NaN,NaN,NaN,NaN,NaN,NaN,NaN,NaN
NaN,NaN,NaN,NaN,NaN,NaN,NaN,NaN,NaN,NaN,NaN,NaN
NaN,NaN,NaN,NaN,NaN,NaN,NaN,NaN,NaN,NaN,NaN,NaN
NaN,NaN,NaN,NaN,NaN,NaN,NaN,NaN,NaN,NaN,NaN,NaN
NaN,NaN,NaN,NaN,NaN,NaN,NaN,NaN,NaN,NaN,NaN,NaN
NaN,NaN,NaN,NaN,NaN,NaN,NaN,NaN,NaN,NaN,NaN,NaN
NaN,NaN,NaN,NaN,NaN,NaN,NaN,NaN,NaN,NaN,NaN,NaN
NaN,NaN,NaN,NaN,NaN,NaN,NaN,NaN,NaN,NaN,NaN,NaN
NaN,NaN,NaN,NaN,NaN,NaN,NaN,NaN,NaN,NaN,NaN,NaN
NaN,NaN,NaN,NaN,NaN,NaN,NaN,NaN,NaN,NaN,NaN,NaN
NaN,NaN,NaN,NaN,NaN,NaN,NaN,NaN,NaN,NaN,NaN,NaN
NaN,NaN,NaN,NaN,NaN,NaN,NaN,NaN,NaN,NaN,NaN,NaN
NaN,NaN,NaN,NaN,NaN,NaN,NaN,NaN,NaN,NaN,NaN,NaN
NaN,NaN,NaN,NaN,NaN,NaN,NaN,NaN,NaN,NaN,NaN,NaN
NaN,NaN,NaN,NaN,NaN,NaN,NaN,NaN,NaN,NaN,NaN,NaN
NaN,NaN,NaN,NaN,NaN,NaN,NaN,NaN,NaN,NaN,NaN,NaN
NaN,NaN,NaN,NaN,NaN,NaN,NaN,NaN,NaN,NaN,NaN,NaN
NaN,NaN,NaN,NaN,NaN,NaN,NaN,NaN,NaN,NaN,NaN,NaN
NaN,NaN,NaN,NaN,NaN,NaN,NaN,NaN,NaN,NaN,NaN,NaN
NaN,NaN,NaN,NaN,NaN,NaN,NaN,NaN,NaN,NaN,NaN,NaN
NaN,NaN,NaN,NaN,NaN,NaN,NaN,NaN,NaN,NaN,NaN,NaN
NaN,NaN,NaN,NaN,NaN,NaN,NaN,NaN,NaN,NaN,NaN,NaN
NaN,NaN,NaN,NaN,NaN,NaN,NaN,NaN,NaN,NaN,NaN,NaN
NaN,NaN,NaN,NaN,NaN,NaN,NaN,NaN,NaN,NaN,NaN,NaN
NaN,NaN,NaN,NaN,NaN,NaN,NaN,NaN,NaN,NaN,NaN,NaN
NaN,NaN,NaN,NaN,NaN,NaN,NaN,NaN,NaN,NaN,NaN,NaN
NaN,NaN,NaN,NaN,NaN,NaN,NaN,NaN,NaN,NaN,NaN,NaN
NaN,NaN,NaN,NaN,NaN,NaN,NaN,NaN,NaN,NaN,NaN,NaN
NaN,NaN,NaN,NaN,NaN,NaN,NaN,NaN,NaN,NaN,NaN,NaN
NaN,NaN,NaN,NaN,NaN,NaN,NaN,NaN,NaN,NaN,NaN,NaN
NaN,NaN,NaN,NaN,NaN,NaN,NaN,NaN,NaN,NaN,NaN,NaN
NaN,NaN,NaN,NaN,NaN,NaN,NaN,NaN,NaN,NaN,NaN,NaN
NaN,NaN,NaN,NaN,NaN,NaN,NaN,NaN,NaN,NaN,NaN,NaN
NaN,NaN,NaN,NaN,NaN,NaN,NaN,NaN,NaN,NaN,NaN,NaN
NaN,NaN,NaN,NaN,NaN,NaN,NaN,NaN,NaN,NaN,NaN,NaN
NaN,NaN,NaN,NaN,NaN,NaN,NaN,NaN,NaN,NaN,NaN,NaN
NaN,NaN,NaN,NaN,NaN,NaN,NaN,NaN,NaN,NaN,NaN,NaN
NaN,NaN,NaN,NaN,NaN,NaN,NaN,NaN,NaN,NaN,NaN,NaN
NaN,NaN,NaN,NaN,NaN,NaN,NaN,NaN,NaN,NaN,NaN,NaN
NaN,NaN,NaN,NaN,NaN,NaN,NaN,NaN,NaN,NaN,NaN,NaN
NaN,NaN,NaN,NaN,NaN,NaN,NaN,NaN,NaN,NaN,NaN,NaN
NaN,NaN,NaN,NaN,NaN,NaN,NaN,NaN,NaN,NaN,NaN,NaN
NaN,NaN,NaN,NaN,NaN,NaN,NaN,NaN,NaN,NaN,NaN,NaN
NaN,NaN,NaN,NaN,NaN,NaN,NaN,NaN,NaN,NaN,NaN,NaN
NaN,NaN,NaN,NaN,NaN,NaN,NaN,NaN,NaN,NaN,NaN,NaN
NaN,NaN,NaN,NaN,NaN,NaN,NaN,NaN,NaN,NaN,NaN,NaN
NaN,NaN,NaN,NaN,NaN,NaN,NaN,NaN,NaN,NaN,NaN,NaN
NaN,NaN,NaN,NaN,NaN,NaN,NaN,NaN,NaN,NaN,NaN,NaN
NaN,NaN,NaN,NaN,NaN,NaN,NaN,NaN,NaN,NaN,NaN,NaN
NaN,NaN,NaN,NaN,NaN,NaN,NaN,NaN,NaN,NaN,NaN,NaN
NaN,NaN,NaN,NaN,NaN,NaN,NaN,NaN,NaN,NaN,NaN,NaN
NaN,NaN,NaN,NaN,NaN,NaN,NaN,NaN,NaN,NaN,NaN,NaN
NaN,NaN,NaN,NaN,NaN,NaN,NaN,NaN,NaN,NaN,NaN,NaN
NaN,NaN,NaN,NaN,NaN,NaN,NaN,NaN,NaN,NaN,NaN,NaN
NaN,NaN,NaN,NaN,NaN,NaN,NaN,NaN,NaN,NaN,NaN,NaN
NaN,NaN,NaN,NaN,NaN,NaN,NaN,NaN,NaN,NaN,NaN,NaN
NaN,NaN,NaN,NaN,NaN,NaN,NaN,NaN,NaN,NaN,NaN,NaN
NaN,NaN,NaN,NaN,NaN,NaN,NaN,NaN,NaN,NaN,NaN,NaN
NaN,NaN,NaN,NaN,NaN,NaN,NaN,NaN,NaN,NaN,NaN,NaN
NaN,NaN,NaN,NaN,NaN,NaN,NaN,NaN,NaN,NaN,NaN,NaN
NaN,NaN,NaN,NaN,NaN,NaN,NaN,NaN,NaN,NaN,NaN,NaN
NaN,NaN,NaN,NaN,NaN,NaN,NaN,NaN,NaN,NaN,NaN,NaN
NaN,NaN,NaN,NaN,NaN,NaN,NaN,NaN,NaN,NaN,NaN,NaN
NaN,NaN,NaN,NaN,NaN,NaN,NaN,NaN,NaN,NaN,NaN,NaN
NaN,NaN,NaN,NaN,NaN,NaN,NaN,NaN,NaN,NaN,NaN,NaN
NaN,NaN,NaN,NaN,NaN,NaN,NaN,NaN,NaN,NaN,NaN,NaN
NaN,NaN,NaN,NaN,NaN,NaN,NaN,NaN,NaN,NaN,NaN,NaN
NaN,NaN,NaN,NaN,NaN,NaN,NaN,NaN,NaN,NaN,NaN,NaN
NaN,NaN,NaN,NaN,NaN,NaN,NaN,NaN,NaN,NaN,NaN,NaN
NaN,NaN,NaN,NaN,NaN,NaN,NaN,NaN,NaN,NaN,NaN,NaN
NaN,NaN,NaN,NaN,NaN,NaN,NaN,NaN,NaN,NaN,NaN,NaN
NaN,NaN,NaN,NaN,NaN,NaN,NaN,NaN,NaN,NaN,NaN,NaN
NaN,NaN,NaN,NaN,NaN,NaN,NaN,NaN,NaN,NaN,NaN,NaN
NaN,NaN,NaN,NaN,NaN,NaN,NaN,NaN,NaN,NaN,NaN,NaN
NaN,NaN,NaN,NaN,NaN,NaN,NaN,NaN,NaN,NaN,NaN,NaN
NaN,NaN,NaN,NaN,NaN,NaN,NaN,NaN,NaN,NaN,NaN,NaN
NaN,NaN,NaN,NaN,NaN,NaN,NaN,NaN,NaN,NaN,NaN,NaN
NaN,NaN,NaN,NaN,NaN,NaN,NaN,NaN,NaN,NaN,NaN,NaN
NaN,NaN,NaN,NaN,NaN,NaN,NaN,NaN,NaN,NaN,NaN,NaN
NaN,NaN,NaN,NaN,NaN,NaN,NaN,NaN,NaN,NaN,NaN,NaN
NaN,NaN,NaN,NaN,NaN,NaN,NaN,NaN,NaN,NaN,NaN,NaN
NaN,NaN,NaN,NaN,NaN,NaN,NaN,NaN,NaN,NaN,NaN,NaN
NaN,NaN,NaN,NaN,NaN,NaN,NaN,NaN,NaN,NaN,NaN,NaN
NaN,NaN,NaN,NaN,NaN,NaN,NaN,NaN,NaN,NaN,NaN,NaN
NaN,NaN,NaN,NaN,NaN,NaN,NaN,NaN,NaN,NaN,NaN,NaN
NaN,NaN,NaN,NaN,NaN,NaN,NaN,NaN,NaN,NaN,NaN,NaN
NaN,NaN,NaN,NaN,NaN,NaN,NaN,NaN,NaN,NaN,NaN,NaN
NaN,NaN,NaN,NaN,NaN,NaN,NaN,NaN,NaN,NaN,NaN,NaN
NaN,NaN,NaN,NaN,NaN,NaN,NaN,NaN,NaN,NaN,NaN,NaN
