Track 01_cam_1_x,Track 01_cam_1_y,Track 01_cam_2_x,Track 01_cam_2_y,Track 02_cam_1_x,Track 02_cam_1_y,Track 02_cam_2_x,Track 02_cam_2_y,Track 03_cam_1_x,Track 03_cam_1_y,Track 03_cam_2_x,Track 03_cam_2_y,Track 04_cam_1_x,Track 04_cam_1_y,Track 04_cam_2_x,Track 04_cam_2_y,Track 05_cam_1_x,Track 05_cam_1_y,Track 05_cam_2_x,Track 05_cam_2_y,Track 06_cam_1_x,Track 06_cam_1_y,Track 06_cam_2_x,Track 06_cam_2_y,Track 07_cam_1_x,Track 07_cam_1_y,Track 07_cam_2_x,Track 07_cam_2_y,Track 08_cam_1_x,Track 08_cam_1_y,Track 08_cam_2_x,Track 08_cam_2_y,Track 09_cam_1_x,Track 09_cam_1_y,Track 09_cam_2_x,Track 09_cam_2_y,Track 10_cam_1_x,Track 10_cam_1_y,Track 10_cam_2_x,Track 10_cam_2_y
NaN,NaN,NaN,NaN,NaN,NaN,NaN,NaN,NaN,NaN,NaN,NaN,NaN,NaN,NaN,NaN,NaN,NaN,NaN,NaN,NaN,NaN,1775.0943396226417,939.8863636363636,NaN,NaN,NaN,NaN,NaN,NaN,NaN,NaN,NaN,NaN,NaN,NaN,NaN,NaN,NaN,NaN
813.5417789757413,980.7954545454546,1551.5256064690027,977.7272727272727,775.245283018868,973.6363636363636,1509.088948787062,968.5227272727273,924.2911051212939,984.8863636363637,1658.1347708894878,978.75,976.0431266846363,1033.9772727272727,1716.0970350404314,1030.909090909091,NaN,NaN,NaN,NaN,1043.3207547169811,922.5,NaN,NaN,1074.3719676549865,889.7727272727273,1824.77628032345,897.9545454545454,1016.409703504043,919.4318181818181,1758.5336927223718,926.590909090909,1002.954177897574,903.0681818181819,1748.1832884097034,906.1363636363636,1015.3746630727763,863.1818181818181,1755.4285714285713,868.2954545454545
786.6307277628032,980.7954545454546,1524.6145552560647,973.6363636363636,749.3692722371968,970.5681818181819,1483.2129380053907,966.4772727272727,896.345013477089,980.7954545454546,1633.2938005390836,974.6590909090909,952.2371967654987,1027.840909090909,1687.1159029649596,1024.7727272727273,NaN,NaN,NaN,NaN,1012.2695417789758,926.590909090909,1750.2533692722373,935.7954545454545,1050.566037735849,886.7045454545455,1797.8652291105122,891.8181818181819,991.5687331536387,917.3863636363637,1733.6927223719676,922.5,980.1832884097034,900.0,1720.2371967654988,901.0227272727273,990.533692722372,862.159090909091,1731.622641509434,865.2272727272727
762.8247978436657,977.7272727272727,1499.7735849056605,971.5909090909091,723.4932614555256,967.5,1456.301886792453,961.3636363636364,871.5040431266847,973.6363636363636,1604.312668463612,972.6136363636363,931.5363881401618,1018.6363636363637,1659.169811320755,1016.5909090909091,NaN,NaN,NaN,NaN,988.4636118598382,924.5454545454546,1725.412398921833,930.6818181818181,1029.8652291105122,881.5909090909091,1773.0242587601078,888.75,968.7978436657683,914.3181818181818,1707.8167115902963,916.3636363636364,954.3072776280324,892.840909090909,1695.3962264150944,894.8863636363636,970.8679245283018,859.090909090909,1708.8517520215632,862.159090909091
741.088948787062,973.6363636363636,1474.932614555256,966.4772727272727,703.8274932614555,967.5,1434.566037735849,959.3181818181819,848.733153638814,968.5227272727273,1582.576819407008,965.4545454545454,905.6603773584906,1018.6363636363637,NaN,NaN,1002.954177897574,1046.25,1848.5822102425877,1072.8409090909092,964.6576819407009,920.4545454545455,1699.5363881401618,926.590909090909,1003.9892183288409,882.6136363636364,1751.288409703504,883.6363636363637,947.0619946091645,909.2045454545454,1686.0808625336927,912.2727272727273,931.5363881401618,890.7954545454546,1672.6253369272238,889.7727272727273,950.167115902965,849.8863636363637,1687.1159029649596,858.0681818181819
718.3180592991914,970.5681818181819,1451.1266846361186,962.3863636363636,677.9514824797843,963.409090909091,1410.7601078167115,954.2045454545455,821.822102425876,965.4545454545454,1559.8059299191375,960.340909090909,881.8544474393531,1016.5909090909091,NaN,NaN,957.4123989218328,1037.0454545454545,NaN,NaN,940.8517520215634,920.4545454545455,1677.800539083558,919.4318181818181,982.2533692722373,877.5,1731.622641509434,880.5681818181818,922.2210242587602,907.1590909090909,1665.3800539083559,909.2045454545454,909.800539083558,884.6590909090909,1649.854447439353,885.6818181818181,925.3261455525607,846.8181818181818,1664.345013477089,850.9090909090909
691.4070080862534,969.5454545454545,1427.3207547169811,958.2954545454546,660.355795148248,960.340909090909,1385.9191374663073,949.0909090909091,803.1913746630728,964.4318181818181,1533.9299191374662,956.25,NaN,NaN,NaN,NaN,NaN,NaN,1721.2722371967657,1042.159090909091,922.2210242587602,911.25,1653.9946091644204,916.3636363636364,962.587601078167,874.4318181818182,1707.8167115902963,877.5,900.4851752021564,900.0,1637.433962264151,902.0454545454545,888.0646900269542,883.6363636363637,1630.188679245283,879.5454545454546,901.5202156334232,846.8181818181818,1638.4690026954177,845.7954545454546
671.7412398921833,965.4545454545454,1404.5498652291105,955.2272727272727,634.4797843665768,957.2727272727273,1362.1132075471696,945.0,781.455525606469,959.3181818181819,1512.1940700808625,951.1363636363637,NaN,NaN,NaN,NaN,NaN,NaN,1607.4177897574125,1026.8181818181818,900.4851752021564,908.1818181818182,1630.188679245283,912.2727272727273,935.676549865229,868.2954545454545,1681.9407008086253,869.3181818181819,878.7493261455526,901.0227272727273,1617.7681940700809,896.9318181818181,864.2587601078168,879.5454545454546,1608.4528301886794,872.3863636363636,879.7843665768194,842.7272727272727,1615.6981132075473,840.6818181818182
648.9703504043126,963.409090909091,1381.77897574124,950.1136363636364,612.743935309973,955.2272727272727,1340.377358490566,939.8863636363636,758.6846361185984,955.2272727272727,1490.4582210242588,948.0681818181818,NaN,NaN,NaN,NaN,NaN,NaN,NaN,NaN,879.7843665768194,896.9318181818181,1607.4177897574125,902.0454545454545,907.7304582210243,857.0454545454546,1655.0296495956873,857.0454545454546,858.0485175202157,896.9318181818181,1593.9622641509434,893.8636363636364,844.5929919137466,876.4772727272727,1582.576819407008,868.2954545454545,858.0485175202157,839.6590909090909,1596.032345013477,832.5
627.2345013477089,958.2954545454546,1360.043126684636,946.0227272727273,591.0080862533692,952.1590909090909,1318.6415094339623,933.75,NaN,NaN,1468.722371967655,945.0,NaN,NaN,NaN,NaN,NaN,NaN,NaN,NaN,854.9433962264151,888.75,1582.576819407008,894.8863636363636,877.7142857142857,848.8636363636364,1621.9083557951483,846.8181818181818,838.3827493261456,892.840909090909,1572.2264150943397,887.7272727272727,818.7169811320755,873.4090909090909,1558.7708894878706,866.25,832.1725067385445,834.5454545454545,1569.121293800539,830.4545454545454
606.5336927223719,955.2272727272727,1335.2021563342319,939.8863636363636,570.3072776280324,948.0681818181818,1295.8706199460917,930.6818181818181,NaN,NaN,NaN,NaN,NaN,NaN,NaN,NaN,646.9002695417789,991.0227272727273,1359.0080862533691,974.6590909090909,825.9622641509434,883.6363636363637,1555.66576819407,888.75,847.6981132075472,839.6590909090909,1589.822102425876,835.5681818181819,814.5768194070081,886.7045454545455,1549.455525606469,882.6136363636364,798.0161725067385,870.3409090909091,1536.0,863.1818181818181,808.366576819407,829.4318181818181,1546.3504043126686,821.25
586.8679245283018,950.1136363636364,1311.3962264150944,933.75,547.5363881401618,945.0,1279.309973045822,927.6136363636364,NaN,NaN,NaN,NaN,NaN,NaN,NaN,NaN,607.5687331536388,996.1363636363636,1309.3261455525608,979.7727272727273,802.156334231806,889.7727272727273,1529.7897574123988,881.5909090909091,820.7870619946092,834.5454545454545,1563.946091644205,829.4318181818181,786.6307277628032,883.6363636363637,1522.544474393531,877.5,772.1401617250674,863.1818181818181,1511.1590296495956,855.0,782.4905660377359,825.340909090909,1519.4393530997304,819.2045454545455
562.0269541778976,949.0909090909091,1287.5902964959569,928.6363636363636,521.6603773584906,937.8409090909091,1250.3288409703505,919.4318181818181,NaN,NaN,NaN,NaN,NaN,NaN,NaN,NaN,573.412398921833,1007.3863636363636,1287.5902964959569,990.0,776.2803234501348,880.5681818181818,1505.9838274932615,876.4772727272727,799.0512129380054,832.5,1542.210242587601,827.3863636363636,762.8247978436657,877.5,1496.6684636118598,871.3636363636363,743.1590296495957,864.2045454545454,1482.177897574124,847.8409090909091,751.4393530997305,820.2272727272727,1482.177897574124,819.2045454545455
539.256064690027,941.9318181818182,1263.7843665768194,922.5,501.99460916442047,933.75,1230.6630727762804,915.3409090909091,NaN,NaN,NaN,NaN,NaN,NaN,NaN,NaN,616.8840970350404,1022.7272727272727,1335.2021563342319,1009.4318181818182,754.544474393531,876.4772727272727,1483.2129380053907,869.3181818181819,780.4204851752022,830.4545454545454,1520.4743935309973,822.2727272727273,741.088948787062,872.3863636363636,1471.8274932614554,866.25,720.3881401617251,855.0,1452.1617250673855,842.7272727272727,716.2479784366577,816.1363636363637,1457.3369272237196,806.9318181818182
517.5202156334232,935.7954545454545,1242.0485175202155,916.3636363636364,475.0835579514825,928.6363636363636,1200.646900269542,905.1136363636363,630.3396226415094,931.7045454545454,1351.7628032345012,919.4318181818181,NaN,NaN,NaN,NaN,724.5283018867925,1029.8863636363637,NaN,NaN,733.843665768194,873.4090909090909,1464.5822102425875,863.1818181818181,768.0,827.3863636363636,1507.0188679245284,818.1818181818181,716.2479784366577,865.2272727272727,NaN,NaN,694.5121293800539,850.9090909090909,1429.390835579515,837.6136363636363,681.0566037735848,812.0454545454546,1422.1455525606468,798.75
498.88948787062,932.7272727272727,1221.3477088948787,911.25,455.4177897574124,926.590909090909,1179.946091644205,900.0,608.6037735849056,927.6136363636364,1331.0619946091645,911.25,665.5309973045822,990.0,1387.989218328841,972.6136363636363,821.822102425876,1012.5,1537.0350404312667,1009.4318181818182,716.2479784366577,868.2954545454545,1444.9164420485176,857.0454545454546,747.2991913746631,826.3636363636364,1489.423180592992,816.1363636363637,692.4420485175202,859.090909090909,1422.1455525606468,847.8409090909091,667.6010781671159,848.8636363636364,1404.5498652291105,833.5227272727273,653.11051212938,808.9772727272727,1383.8490566037735,795.6818181818181
480.2587601078167,927.6136363636364,1201.6819407008088,907.1590909090909,436.7870619946092,923.5227272727273,1160.2803234501348,897.9545454545454,582.7277628032344,923.5227272727273,1311.3962264150944,908.1818181818182,642.7601078167115,983.8636363636364,1370.3935309973047,965.4545454545454,845.6280323450135,1053.4090909090908,1566.0161725067385,1053.4090909090908,692.4420485175202,862.159090909091,1424.2156334231804,847.8409090909091,730.7385444743935,818.1818181818181,1467.687331536388,810.0,670.7061994609164,848.8636363636364,1399.3746630727762,837.6136363636363,642.7601078167115,842.7272727272727,1378.6738544474395,826.3636363636364,625.1644204851752,806.9318181818182,1361.078167115903,793.6363636363636
461.6280323450135,924.5454545454546,1182.0161725067385,901.0227272727273,419.1913746630728,918.4090909090909,1139.579514824798,892.840909090909,565.132075471698,920.4545454545455,1289.6603773584905,902.0454545454545,630.3396226415094,973.6363636363636,1346.5876010781672,952.1590909090909,825.9622641509434,1044.2045454545455,1539.1051212938005,1037.0454545454545,672.7762803234501,853.9772727272727,1402.4797843665767,838.6363636363636,707.9676549865229,814.0909090909091,1444.9164420485176,802.8409090909091,645.8652291105121,843.75,1376.6037735849056,829.4318181818181,621.0242587601077,839.6590909090909,1354.8679245283017,823.2954545454546,600.323450134771,806.9318181818182,1336.2371967654988,791.590909090909
444.0323450134771,919.4318181818181,1162.3504043126684,895.909090909091,400.56064690026955,913.2954545454546,1117.8436657681941,884.6590909090909,544.4312668463613,913.2954545454546,1273.099730458221,896.9318181818181,611.7088948787062,960.340909090909,1331.0619946091645,942.9545454545454,828.0323450134771,1010.4545454545454,1545.3153638814017,1004.3181818181819,655.1805929919137,846.8181818181818,1381.77897574124,829.4318181818181,689.3369272237197,805.9090909090909,1425.2506738544475,794.659090909091,621.0242587601077,840.6818181818182,1354.8679245283017,825.340909090909,602.3935309973047,834.5454545454545,1334.167115902965,820.2272727272727,574.4474393530998,804.8863636363636,1312.4312668463613,788.5227272727273
426.4366576819407,913.2954545454546,1145.789757412399,891.8181818181819,384.0,909.2045454545454,1103.3530997304583,879.5454545454546,528.9056603773585,908.1818181818182,1253.433962264151,888.75,595.1482479784366,951.1363636363637,1315.5363881401618,932.7272727272727,798.0161725067385,983.8636363636364,1515.299191374663,982.8409090909091,634.4797843665768,838.6363636363636,1361.078167115903,821.25,673.8113207547169,801.8181818181819,1409.7250673854446,789.5454545454546,604.4636118598384,834.5454545454545,1335.2021563342319,819.2045454545455,NaN,NaN,NaN,NaN,554.7816711590297,801.8181818181819,1285.520215633423,787.5
409.87601078167114,910.2272727272727,1128.1940700808625,886.7045454545455,369.50943396226415,902.0454545454545,1086.7924528301887,873.4090909090909,512.345013477089,903.0681818181819,1230.6630727762804,879.5454545454546,573.412398921833,943.9772727272727,NaN,NaN,762.8247978436657,960.340909090909,1472.8625336927223,951.1363636363637,619.9892183288409,829.4318181818181,1346.5876010781672,813.0681818181818,661.3908355795148,795.6818181818181,1395.2345013477088,784.4318181818181,585.832884097035,826.3636363636364,1310.3611859838275,813.0681818181818,NaN,NaN,1300.0107816711588,806.9318181818182,532.010781671159,800.7954545454545,1263.7843665768194,783.4090909090909
396.42048517520215,904.0909090909091,1112.6684636118598,879.5454545454546,350.8787061994609,896.9318181818181,1070.2318059299191,868.2954545454545,498.88948787062,896.9318181818181,1215.1374663072777,874.4318181818182,NaN,NaN,NaN,NaN,690.3719676549865,937.8409090909091,1398.3396226415093,929.659090909091,606.5336927223719,825.340909090909,1333.132075471698,810.0,647.9353099730458,791.590909090909,1383.8490566037735,782.3863636363637,570.3072776280324,820.2272727272727,1290.6954177897574,807.9545454545454,NaN,NaN,NaN,NaN,512.345013477089,808.9772727272727,1238.943396226415,785.4545454545455
381.9299191374663,900.0,1098.177897574124,873.4090909090909,342.59838274932616,891.8181818181819,1055.7412398921833,864.2045454545454,486.46900269541777,893.8636363636364,1197.5417789757414,867.2727272727273,NaN,NaN,NaN,NaN,610.6738544474393,919.4318181818181,1288.6253369272238,904.0909090909091,589.9730458221024,820.2272727272727,1317.6064690026956,801.8181818181819,632.4097035040431,787.5,1364.1832884097034,776.25,551.6765498652292,815.1136363636364,1274.134770889488,799.7727272727273,NaN,NaN,NaN,NaN,491.6442048517521,810.0,1207.8921832884098,786.4772727272727
366.4043126684636,896.9318181818181,1084.7223719676551,868.2954545454545,329.14285714285717,889.7727272727273,1041.2506738544475,856.0227272727273,470.9433962264151,887.7272727272727,1187.1913746630728,863.1818181818181,NaN,NaN,NaN,NaN,520.6253369272238,919.4318181818181,1223.4177897574125,912.2727272727273,575.4824797843665,816.1363636363637,1306.22102425876,794.659090909091,616.8840970350404,782.3863636363637,1350.7277628032346,768.0681818181819,NaN,NaN,1260.6792452830189,790.5681818181819,NaN,NaN,NaN,NaN,476.1185983827493,813.0681818181818,1189.2614555256064,790.5681818181819
356.0539083557951,888.75,1070.2318059299191,865.2272727272727,317.7574123989218,883.6363636363637,1031.9353099730458,852.9545454545455,NaN,NaN,NaN,NaN,NaN,NaN,NaN,NaN,452.31266846361183,912.2727272727273,1129.2291105121292,904.0909090909091,559.9568733153639,810.0,1289.6603773584905,784.4318181818181,598.2533692722373,774.2045454545454,1325.8867924528302,757.840909090909,NaN,NaN,1249.2938005390833,780.3409090909091,NaN,NaN,NaN,NaN,467.8382749326145,805.9090909090909,1177.876010781671,784.4318181818181
343.633423180593,886.7045454545455,1054.7061994609164,857.0454545454546,302.2318059299192,878.5227272727273,1016.409703504043,848.8636363636364,NaN,NaN,NaN,NaN,NaN,NaN,NaN,NaN,360.19407008086256,907.1590909090909,1055.7412398921833,879.5454545454546,541.3261455525607,802.8409090909091,NaN,NaN,579.622641509434,763.9772727272727,1306.22102425876,749.6590909090909,513.3800539083559,794.659090909091,1235.8382749326145,777.2727272727273,NaN,NaN,NaN,NaN,452.31266846361183,791.590909090909,1175.8059299191375,770.1136363636363
NaN,NaN,NaN,NaN,289.811320754717,877.5,1000.8840970350404,843.75,NaN,NaN,NaN,NaN,NaN,NaN,NaN,NaN,327.0727762803234,928.6363636363636,1034.0053908355796,898.9772727272727,523.7304582210243,795.6818181818181,1254.4690026954179,774.2045454545454,564.0970350404313,759.8863636363636,1292.765498652291,745.5681818181818,496.8194070080863,787.5,1222.3827493261456,770.1136363636363,NaN,NaN,NaN,NaN,440.92722371967653,783.4090909090909,1165.4555256064689,757.840909090909
312.5822102425876,879.5454545454546,1023.6549865229109,850.9090909090909,278.4258760107817,874.4318181818182,985.3584905660377,839.6590909090909,NaN,NaN,NaN,NaN,NaN,NaN,NaN,NaN,307.40700808625337,949.0909090909091,1012.2695417789758,912.2727272727273,510.2749326145552,793.6363636363636,1239.9784366576819,767.0454545454545,548.5714285714286,759.8863636363636,1282.4150943396226,740.4545454545454,474.0485175202157,787.5,1204.7870619946093,767.0454545454545,NaN,NaN,1174.7708894878706,738.4090909090909,419.1913746630728,772.1590909090909,1139.579514824798,746.5909090909091
303.26684636118597,877.5,1007.0943396226415,845.7954545454546,266.0053908355795,871.3636363636363,968.7978436657683,838.6363636363636,NaN,NaN,NaN,NaN,NaN,NaN,NaN,NaN,338.45822102425876,938.8636363636363,1006.0592991913746,937.8409090909091,499.92452830188677,792.6136363636364,1227.5579514824797,767.0454545454545,537.1859838274933,760.909090909091,1268.9595687331537,739.4318181818182,463.6981132075472,779.3181818181818,1186.1563342318059,759.8863636363636,440.92722371967653,755.7954545454546,1159.245283018868,730.2272727272727,402.63072776280325,759.8863636363636,1117.8436657681941,733.2954545454545
286.7061994609165,874.4318181818182,992.6037735849056,845.7954545454546,249.44474393531,868.2954545454545,956.377358490566,836.5909090909091,395.3854447439353,860.1136363636364,1103.3530997304583,831.4772727272727,NaN,NaN,NaN,NaN,NaN,NaN,NaN,NaN,489.5741239892184,790.5681818181819,1216.1725067385446,768.0681818181819,526.8355795148248,760.909090909091,1259.6442048517522,745.5681818181818,450.2425876010782,773.1818181818182,1169.5956873315363,755.7954545454546,421.2614555256065,742.5,1140.6145552560647,718.9772727272727,376.7547169811321,748.6363636363637,1102.3180592991914,725.1136363636364
276.355795148248,874.4318181818182,980.1832884097034,841.7045454545454,234.9541778975741,869.3181818181819,942.921832884097,833.5227272727273,380.89487870619945,852.9545454545455,1089.8975741239892,825.340909090909,441.9622641509434,921.4772727272727,NaN,NaN,556.8517520215634,932.7272727272727,1252.3989218328843,913.2954545454546,482.3288409703504,787.5,1205.822102425876,762.9545454545454,522.6954177897575,762.9545454545454,1250.3288409703505,744.5454545454546,433.68194070080864,768.0681818181819,1150.964959568733,748.6363636363637,403.6657681940701,737.3863636363636,1125.088948787062,710.7954545454546,366.4043126684636,745.5681818181818,1083.6873315363882,717.9545454545455
266.0053908355795,872.3863636363636,968.7978436657683,839.6590909090909,224.60377358490567,870.3409090909091,930.5013477088949,835.5681818181819,370.544474393531,848.8636363636364,1078.512129380054,820.2272727272727,430.5768194070081,913.2954545454546,1141.6495956873316,884.6590909090909,632.4097035040431,975.6818181818182,1341.4123989218328,961.3636363636364,468.8733153638814,781.3636363636364,1193.401617250674,755.7954545454546,514.4150943396227,763.9772727272727,1239.9784366576819,744.5454545454546,415.0512129380054,766.0227272727273,1135.4393530997304,743.5227272727273,394.35040431266845,731.25,1105.423180592992,704.6590909090909,356.0539083557951,734.3181818181819,1074.3719676549865,706.7045454545454
255.65498652291106,874.4318181818182,957.4123989218328,841.7045454545454,213.21832884097034,869.3181818181819,920.1509433962265,834.5454545454545,357.088948787062,845.7954545454546,1064.021563342318,817.1590909090909,421.2614555256065,904.0909090909091,1125.088948787062,873.4090909090909,641.7250673854447,980.7954545454546,1343.4824797843667,965.4545454545454,453.3477088948787,779.3181818181818,1176.8409703504042,750.6818181818181,510.2749326145552,762.9545454545454,1231.698113207547,740.4545454545454,399.5256064690027,758.8636363636364,1120.9487870619946,735.3409090909091,377.7897574123989,725.1136363636364,1093.0026954177897,698.5227272727273,337.4231805929919,725.1136363636364,1057.811320754717,700.5681818181819
246.33962264150944,877.5,946.0269541778976,841.7045454545454,203.90296495956872,872.3863636363636,910.8355795148248,836.5909090909091,345.7035040431267,843.75,1054.7061994609164,811.0227272727273,409.87601078167114,898.9772727272727,1114.7385444743934,863.1818181818181,634.4797843665768,946.0227272727273,1332.0970350404314,931.7045454545454,436.7870619946092,775.2272727272727,1164.4204851752022,743.5227272727273,499.92452830188677,760.909090909091,1218.2425876010782,737.3863636363636,387.10512129380055,756.8181818181819,1103.3530997304583,729.2045454545454,360.19407008086256,716.9318181818181,1081.6172506738546,691.3636363636364,321.8975741239892,724.090909090909,1044.355795148248,690.340909090909
240.12938005390836,880.5681818181818,937.7466307277627,841.7045454545454,197.69272237196765,872.3863636363636,899.4501347708895,836.5909090909091,334.31805929919136,837.6136363636363,1045.390835579515,804.8863636363636,400.56064690026955,890.7954545454546,1103.3530997304583,858.0681818181819,613.7789757412398,927.6136363636364,1325.8867924528302,917.3863636363637,429.5417789757413,771.1363636363636,1157.1752021563343,738.4090909090909,492.6792452830189,757.840909090909,1213.0673854447439,744.5454545454546,376.7547169811321,749.6590909090909,1093.0026954177897,725.1136363636364,348.8086253369272,712.8409090909091,1071.2668463611858,687.2727272727273,313.61725067385447,718.9772727272727,1030.9002695417792,689.3181818181819
234.9541778975741,880.5681818181818,931.5363881401618,841.7045454545454,193.55256064690028,874.4318181818182,896.345013477089,838.6363636363636,323.9676549865229,829.4318181818181,1030.9002695417792,799.7727272727273,391.24528301886795,880.5681818181818,1090.9326145552561,850.9090909090909,586.8679245283018,932.7272727272727,1282.4150943396226,913.2954545454546,417.1212938005391,769.0909090909091,1144.754716981132,730.2272727272727,482.3288409703504,756.8181818181819,1202.7169811320755,738.4090909090909,367.43935309973045,744.5454545454546,1079.5471698113208,721.0227272727273,337.4231805929919,704.6590909090909,1054.7061994609164,680.1136363636364,301.1967654986523,712.8409090909091,1016.409703504043,683.1818181818181
231.8490566037736,881.5909090909091,926.3611859838276,843.75,190.44743935309972,874.4318181818182,890.1347708894879,837.6136363636363,312.5822102425876,826.3636363636364,1020.5498652291104,793.6363636363636,368.4743935309973,871.3636363636363,1076.44204851752,848.8636363636364,547.5363881401618,912.2727272727273,1238.943396226415,894.8863636363636,409.87601078167114,760.909090909091,1137.5094339622642,726.1363636363636,476.1185983827493,752.7272727272727,1194.4366576819407,737.3863636363636,353.98382749326146,738.4090909090909,1073.3369272237196,714.8863636363637,325.0026954177897,700.5681818181819,1042.2857142857142,676.0227272727273,290.8463611859838,706.7045454545454,1000.8840970350404,679.0909090909091
228.74393530997304,881.5909090909091,922.2210242587602,845.7954545454546,182.16711590296495,874.4318181818182,883.9245283018868,838.6363636363636,301.1967654986523,820.2272727272727,1011.2345013477089,789.5454545454546,350.8787061994609,870.3409090909091,1062.9865229110512,845.7954545454546,505.099730458221,903.0681818181819,1185.121293800539,891.8181818181819,402.63072776280325,755.7954545454546,1127.1590296495956,718.9772727272727,467.8382749326145,748.6363636363637,1184.086253369272,734.3181818181819,342.59838274932616,733.2954545454545,1057.811320754717,705.6818181818182,314.6522911051213,694.4318181818181,1034.0053908355796,667.8409090909091,279.46091644204853,699.5454545454545,991.5687331536387,671.9318181818182
223.56873315363882,885.6818181818181,919.1159029649596,846.8181818181818,183.2021563342318,879.5454545454546,881.8544474393531,840.6818181818182,292.9164420485175,817.1590909090909,1001.9191374663071,784.4318181818181,330.177897574124,867.2727272727273,1045.390835579515,840.6818181818182,415.0512129380054,926.590909090909,1099.212938005391,913.2954545454546,NaN,NaN,1118.8787061994608,711.8181818181818,456.45283018867923,744.5454545454546,1171.66576819407,727.159090909091,334.31805929919136,729.2045454545454,1050.566037735849,703.6363636363636,NaN,NaN,NaN,NaN,271.1805929919138,694.4318181818181,981.2183288409703,665.7954545454545
225.63881401617252,886.7045454545455,917.045822102426,847.8409090909091,182.16711590296495,880.5681818181818,881.8544474393531,845.7954545454546,286.7061994609165,810.0,987.4285714285713,779.3181818181818,317.7574123989218,866.25,1023.6549865229109,836.5909090909091,NaN,NaN,1045.390835579515,914.3181818181818,NaN,NaN,1108.5283018867924,705.6818181818182,445.06738544474393,738.4090909090909,1162.3504043126684,715.9090909090909,329.14285714285717,726.1363636363636,1046.4258760107816,695.4545454545454,NaN,NaN,NaN,NaN,NaN,NaN,NaN,NaN
225.63881401617252,889.7727272727273,914.9757412398922,850.9090909090909,182.16711590296495,881.5909090909091,879.7843665768194,844.7727272727273,277.3908355795148,803.8636363636363,976.0431266846363,774.2045454545454,309.47708894878707,867.2727272727273,1014.3396226415094,836.5909090909091,NaN,NaN,1011.2345013477089,886.7045454545455,NaN,NaN,1100.2479784366576,698.5227272727273,436.7870619946092,724.090909090909,1152.0,704.6590909090909,327.0727762803234,726.1363636363636,1037.1105121293801,694.4318181818181,NaN,NaN,NaN,NaN,NaN,NaN,NaN,NaN
224.60377358490567,890.7954545454546,914.9757412398922,853.9772727272727,182.16711590296495,881.5909090909091,877.7142857142857,846.8181818181818,268.0754716981132,799.7727272727273,970.8679245283018,772.1590909090909,302.2318059299192,863.1818181818181,1002.954177897574,833.5227272727273,283.60107816711593,914.3181818181818,959.4824797843665,877.5,NaN,NaN,1094.0377358490566,697.5,427.47169811320754,726.1363636363636,1141.6495956873316,706.7045454545454,NaN,NaN,NaN,NaN,NaN,NaN,NaN,NaN,NaN,NaN,NaN,NaN
222.53369272237197,892.840909090909,912.9056603773585,851.9318181818181,179.06199460916443,883.6363636363637,874.6091644204852,846.8181818181818,263.93530997304583,797.7272727272727,960.5175202156335,767.0454545454545,288.7762803234501,862.159090909091,996.743935309973,832.5,276.355795148248,916.3636363636364,NaN,NaN,NaN,NaN,NaN,NaN,424.366576819407,737.3863636363636,1138.5444743935311,723.0681818181819,NaN,NaN,NaN,NaN,NaN,NaN,NaN,NaN,NaN,NaN,NaN,NaN
222.53369272237197,886.7045454545455,912.9056603773585,851.9318181818181,179.06199460916443,883.6363636363637,874.6091644204852,847.8409090909091,253.58490566037736,794.659090909091,952.2371967654987,760.909090909091,290.8463611859838,857.0454545454546,989.4986522911051,827.3863636363636,283.60107816711593,926.590909090909,950.167115902965,897.9545454545454,NaN,NaN,NaN,NaN,425.40161725067384,753.75,1136.4743935309973,733.2954545454545,NaN,NaN,NaN,NaN,NaN,NaN,NaN,NaN,NaN,NaN,NaN,NaN
221.49865229110512,882.6136363636364,909.800539083558,850.9090909090909,178.02695417789755,884.6590909090909,873.5741239892184,846.8181818181818,248.40970350404314,791.590909090909,946.0269541778976,756.8181818181819,283.60107816711593,852.9545454545455,984.3234501347708,823.2954545454546,316.722371967655,929.659090909091,957.4123989218328,905.1136363636363,NaN,NaN,1083.6873315363882,712.8409090909091,427.47169811320754,759.8863636363636,1133.3692722371966,742.5,NaN,NaN,NaN,NaN,NaN,NaN,NaN,NaN,NaN,NaN,NaN,NaN
219.42857142857142,880.5681818181818,905.6603773584906,848.8636363636364,179.06199460916443,885.6818181818181,871.5040431266847,844.7727272727273,243.23450134770889,786.4772727272727,940.8517520215634,756.8181818181819,279.46091644204853,849.8863636363637,981.2183288409703,817.1590909090909,364.3342318059299,925.5681818181819,1045.390835579515,898.9772727272727,NaN,NaN,NaN,NaN,NaN,NaN,NaN,NaN,NaN,NaN,NaN,NaN,NaN,NaN,NaN,NaN,NaN,NaN,NaN,NaN
216.3234501347709,881.5909090909091,904.6253369272237,844.7727272727273,178.02695417789755,884.6590909090909,868.3989218328841,841.7045454545454,234.9541778975741,781.3636363636364,933.6064690026955,751.7045454545455,276.355795148248,849.8863636363637,976.0431266846363,811.0227272727273,415.0512129380054,925.5681818181819,1097.142857142857,898.9772727272727,NaN,NaN,NaN,NaN,NaN,NaN,NaN,NaN,NaN,NaN,NaN,NaN,NaN,NaN,NaN,NaN,NaN,NaN,NaN,NaN
217.35849056603774,881.5909090909091,899.4501347708895,842.7272727272727,173.88679245283018,879.5454545454546,865.2938005390836,840.6818181818182,228.74393530997304,780.3409090909091,929.4663072776281,750.6818181818181,275.3207547169811,850.9090909090909,968.7978436657683,807.9545454545454,462.66307277628033,912.2727272727273,1154.0700808625338,891.8181818181819,NaN,NaN,NaN,NaN,NaN,NaN,NaN,NaN,NaN,NaN,NaN,NaN,NaN,NaN,NaN,NaN,NaN,NaN,NaN,NaN
215.28840970350404,879.5454545454546,897.3800539083558,842.7272727272727,170.78167115902966,877.5,863.2237196765499,839.6590909090909,219.42857142857142,777.2727272727273,917.045822102426,747.6136363636364,269.11051212938,851.9318181818181,961.5525606469004,804.8863636363636,477.1536388140162,894.8863636363636,1163.3854447439353,873.4090909090909,NaN,NaN,NaN,NaN,NaN,NaN,NaN,NaN,NaN,NaN,NaN,NaN,NaN,NaN,NaN,NaN,NaN,NaN,NaN,NaN
211.14824797843664,878.5227272727273,895.3099730458222,840.6818181818182,169.7466307277628,877.5,859.0835579514826,838.6363636363636,NaN,NaN,NaN,NaN,266.0053908355795,849.8863636363637,953.2722371967656,803.8636363636363,471.9784366576819,870.3409090909091,1166.4905660377358,846.8181818181818,NaN,NaN,NaN,NaN,NaN,NaN,NaN,NaN,NaN,NaN,NaN,NaN,NaN,NaN,NaN,NaN,NaN,NaN,NaN,NaN
209.07816711590297,878.5227272727273,895.3099730458222,839.6590909090909,169.7466307277628,877.5,855.9784366576819,837.6136363636363,224.60377358490567,769.0909090909091,NaN,NaN,264.9703504043127,849.8863636363637,952.2371967654987,803.8636363636363,455.4177897574124,841.7045454545454,1147.8598382749326,821.25,NaN,NaN,NaN,NaN,NaN,NaN,NaN,NaN,NaN,NaN,NaN,NaN,NaN,NaN,NaN,NaN,NaN,NaN,NaN,NaN
205.97304582210242,878.5227272727273,895.3099730458222,839.6590909090909,169.7466307277628,877.5,855.9784366576819,839.6590909090909,222.53369272237197,768.0681818181819,NaN,NaN,261.86522911051213,846.8181818181818,948.0970350404314,802.8409090909091,442.99730458221023,817.1590909090909,NaN,NaN,NaN,NaN,NaN,NaN,NaN,NaN,NaN,NaN,NaN,NaN,NaN,NaN,NaN,NaN,NaN,NaN,NaN,NaN,NaN,NaN
204.93800539083557,878.5227272727273,893.2398921832885,838.6363636363636,169.7466307277628,877.5,855.9784366576819,839.6590909090909,NaN,NaN,NaN,NaN,257.7250673854448,840.6818181818182,944.9919137466306,801.8181818181819,NaN,NaN,NaN,NaN,NaN,NaN,NaN,NaN,NaN,NaN,NaN,NaN,NaN,NaN,NaN,NaN,NaN,NaN,NaN,NaN,NaN,NaN,NaN,NaN
205.97304582210242,876.4772727272727,892.2048517520216,840.6818181818182,168.71159029649596,879.5454545454546,854.9433962264151,839.6590909090909,NaN,NaN,NaN,NaN,NaN,NaN,940.8517520215634,801.8181818181819,NaN,NaN,NaN,NaN,NaN,NaN,NaN,NaN,NaN,NaN,NaN,NaN,NaN,NaN,NaN,NaN,NaN,NaN,NaN,NaN,NaN,NaN,NaN,NaN
205.97304582210242,877.5,892.2048517520216,840.6818181818182,167.6765498652291,881.5909090909091,854.9433962264151,844.7727272727273,NaN,NaN,NaN,NaN,NaN,NaN,NaN,NaN,NaN,NaN,NaN,NaN,NaN,NaN,NaN,NaN,NaN,NaN,NaN,NaN,NaN,NaN,NaN,NaN,NaN,NaN,NaN,NaN,NaN,NaN,NaN,NaN
209.07816711590297,879.5454545454546,891.1698113207548,841.7045454545454,168.71159029649596,881.5909090909091,854.9433962264151,844.7727272727273,NaN,NaN,NaN,NaN,NaN,NaN,NaN,NaN,NaN,NaN,NaN,NaN,NaN,NaN,NaN,NaN,NaN,NaN,NaN,NaN,NaN,NaN,NaN,NaN,NaN,NaN,NaN,NaN,NaN,NaN,NaN,NaN
212.1832884097035,881.5909090909091,895.3099730458222,847.8409090909091,171.8167115902965,885.6818181818181,855.9784366576819,848.8636363636364,NaN,NaN,NaN,NaN,NaN,NaN,NaN,NaN,NaN,NaN,NaN,NaN,NaN,NaN,NaN,NaN,NaN,NaN,NaN,NaN,NaN,NaN,NaN,NaN,NaN,NaN,NaN,NaN,NaN,NaN,NaN,NaN
214.2533692722372,882.6136363636364,895.3099730458222,848.8636363636364,176.99191374663073,887.7272727272727,858.0485175202157,850.9090909090909,NaN,NaN,NaN,NaN,NaN,NaN,NaN,NaN,NaN,NaN,NaN,NaN,NaN,NaN,NaN,NaN,NaN,NaN,NaN,NaN,NaN,NaN,NaN,NaN,NaN,NaN,NaN,NaN,NaN,NaN,NaN,NaN
218.3935309973046,885.6818181818181,900.4851752021564,855.0,181.13207547169813,888.75,859.0835579514826,849.8863636363637,NaN,NaN,NaN,NaN,NaN,NaN,NaN,NaN,NaN,NaN,NaN,NaN,NaN,NaN,NaN,NaN,NaN,NaN,NaN,NaN,NaN,NaN,NaN,NaN,NaN,NaN,NaN,NaN,NaN,NaN,NaN,NaN
223.56873315363882,888.75,901.5202156334232,856.0227272727273,182.16711590296495,890.7954545454546,863.2237196765499,850.9090909090909,NaN,NaN,NaN,NaN,NaN,NaN,NaN,NaN,NaN,NaN,NaN,NaN,NaN,NaN,NaN,NaN,NaN,NaN,NaN,NaN,NaN,NaN,NaN,NaN,NaN,NaN,NaN,NaN,NaN,NaN,NaN,NaN
225.63881401617252,889.7727272727273,903.5902964959569,857.0454545454546,182.16711590296495,890.7954545454546,868.3989218328841,855.0,NaN,NaN,NaN,NaN,NaN,NaN,NaN,NaN,NaN,NaN,NaN,NaN,NaN,NaN,NaN,NaN,NaN,NaN,NaN,NaN,NaN,NaN,NaN,NaN,NaN,NaN,NaN,NaN,NaN,NaN,NaN,NaN
229.7789757412399,890.7954545454546,907.7304582210243,857.0454545454546,190.44743935309972,893.8636363636364,870.4690026954178,857.0454545454546,NaN,NaN,NaN,NaN,NaN,NaN,NaN,NaN,NaN,NaN,NaN,NaN,NaN,NaN,NaN,NaN,NaN,NaN,NaN,NaN,NaN,NaN,NaN,NaN,NaN,NaN,NaN,NaN,NaN,NaN,NaN,NaN
230.81401617250674,891.8181818181819,911.8706199460916,862.159090909091,197.69272237196765,895.909090909091,873.5741239892184,856.0227272727273,NaN,NaN,NaN,NaN,NaN,NaN,NaN,NaN,NaN,NaN,NaN,NaN,NaN,NaN,NaN,NaN,NaN,NaN,NaN,NaN,NaN,NaN,NaN,NaN,NaN,NaN,NaN,NaN,NaN,NaN,NaN,NaN
241.1644204851752,897.9545454545454,913.9407008086253,863.1818181818181,200.7978436657682,898.9772727272727,879.7843665768194,861.1363636363636,NaN,NaN,NaN,NaN,NaN,NaN,NaN,NaN,NaN,NaN,NaN,NaN,NaN,NaN,NaN,NaN,NaN,NaN,NaN,NaN,NaN,NaN,NaN,NaN,NaN,NaN,NaN,NaN,NaN,NaN,NaN,NaN
245.3045822102426,900.0,919.1159029649596,864.2045454545454,204.93800539083557,901.0227272727273,887.0296495956873,865.2272727272727,NaN,NaN,NaN,NaN,NaN,NaN,NaN,NaN,NaN,NaN,NaN,NaN,NaN,NaN,NaN,NaN,NaN,NaN,NaN,NaN,NaN,NaN,NaN,NaN,NaN,NaN,NaN,NaN,NaN,NaN,NaN,NaN
249.44474393531,902.0454545454545,929.4663072776281,870.3409090909091,210.11320754716982,904.0909090909091,890.1347708894879,868.2954545454545,NaN,NaN,NaN,NaN,NaN,NaN,NaN,NaN,NaN,NaN,NaN,NaN,NaN,NaN,NaN,NaN,NaN,NaN,NaN,NaN,NaN,NaN,NaN,NaN,NaN,NaN,NaN,NaN,NaN,NaN,NaN,NaN
256.69002695417794,904.0909090909091,934.6415094339623,873.4090909090909,216.3234501347709,906.1363636363636,895.3099730458222,874.4318181818182,NaN,NaN,NaN,NaN,NaN,NaN,NaN,NaN,NaN,NaN,NaN,NaN,NaN,NaN,NaN,NaN,NaN,NaN,NaN,NaN,NaN,NaN,NaN,NaN,NaN,NaN,NaN,NaN,NaN,NaN,NaN,NaN
259.79514824797843,905.1136363636363,939.8167115902964,875.4545454545454,223.56873315363882,909.2045454545454,901.5202156334232,876.4772727272727,NaN,NaN,NaN,NaN,NaN,NaN,NaN,NaN,NaN,NaN,NaN,NaN,NaN,NaN,NaN,NaN,NaN,NaN,NaN,NaN,NaN,NaN,NaN,NaN,NaN,NaN,NaN,NaN,NaN,NaN,NaN,NaN
269.11051212938,909.2045454545454,946.0269541778976,878.5227272727273,225.63881401617252,910.2272727272727,907.7304582210243,881.5909090909091,NaN,NaN,NaN,NaN,NaN,NaN,NaN,NaN,NaN,NaN,NaN,NaN,NaN,NaN,NaN,NaN,NaN,NaN,NaN,NaN,NaN,NaN,NaN,NaN,NaN,NaN,NaN,NaN,NaN,NaN,NaN,NaN
276.355795148248,913.2954545454546,952.2371967654987,881.5909090909091,235.98921832884096,915.3409090909091,913.9407008086253,884.6590909090909,NaN,NaN,NaN,NaN,NaN,NaN,NaN,NaN,NaN,NaN,NaN,NaN,NaN,NaN,NaN,NaN,NaN,NaN,NaN,NaN,NaN,NaN,NaN,NaN,NaN,NaN,NaN,NaN,NaN,NaN,NaN,NaN
281.5309973045822,915.3409090909091,958.4474393530998,884.6590909090909,244.26954177897574,916.3636363636364,922.2210242587602,885.6818181818181,NaN,NaN,NaN,NaN,NaN,NaN,NaN,NaN,NaN,NaN,NaN,NaN,NaN,NaN,NaN,NaN,NaN,NaN,NaN,NaN,NaN,NaN,NaN,NaN,NaN,NaN,NaN,NaN,NaN,NaN,NaN,NaN
289.811320754717,917.3863636363637,968.7978436657683,888.75,248.40970350404314,918.4090909090909,928.4312668463612,887.7272727272727,NaN,NaN,NaN,NaN,NaN,NaN,NaN,NaN,NaN,NaN,NaN,NaN,NaN,NaN,NaN,NaN,NaN,NaN,NaN,NaN,NaN,NaN,NaN,NaN,NaN,NaN,NaN,NaN,NaN,NaN,NaN,NaN
300.1617250673855,919.4318181818181,972.9380053908355,889.7727272727273,258.7601078167116,919.4318181818181,934.6415094339623,889.7727272727273,NaN,NaN,NaN,NaN,NaN,NaN,NaN,NaN,NaN,NaN,NaN,NaN,NaN,NaN,NaN,NaN,NaN,NaN,NaN,NaN,NaN,NaN,NaN,NaN,NaN,NaN,NaN,NaN,NaN,NaN,NaN,NaN
305.33692722371967,922.5,978.1132075471698,890.7954545454546,NaN,NaN,944.9919137466306,890.7954545454546,NaN,NaN,NaN,NaN,NaN,NaN,NaN,NaN,NaN,NaN,NaN,NaN,NaN,NaN,NaN,NaN,NaN,NaN,NaN,NaN,NaN,NaN,NaN,NaN,NaN,NaN,NaN,NaN,NaN,NaN,NaN,NaN
312.5822102425876,922.5,987.4285714285713,892.840909090909,NaN,NaN,954.3072776280324,894.8863636363636,NaN,NaN,NaN,NaN,NaN,NaN,NaN,NaN,NaN,NaN,NaN,NaN,NaN,NaN,NaN,NaN,NaN,NaN,NaN,NaN,NaN,NaN,NaN,NaN,NaN,NaN,NaN,NaN,NaN,NaN,NaN,NaN
319.8274932614555,922.5,994.6738544474392,894.8863636363636,282.566037735849,923.5227272727273,957.4123989218328,894.8863636363636,NaN,NaN,NaN,NaN,NaN,NaN,NaN,NaN,NaN,NaN,NaN,NaN,NaN,NaN,NaN,NaN,NaN,NaN,NaN,NaN,NaN,NaN,NaN,NaN,NaN,NaN,NaN,NaN,NaN,NaN,NaN,NaN
328.1078167115903,924.5454545454546,998.8140161725066,895.909090909091,292.9164420485175,926.590909090909,961.5525606469004,894.8863636363636,NaN,NaN,NaN,NaN,NaN,NaN,NaN,NaN,NaN,NaN,NaN,NaN,NaN,NaN,NaN,NaN,NaN,NaN,NaN,NaN,NaN,NaN,NaN,NaN,NaN,NaN,NaN,NaN,NaN,NaN,NaN,NaN
335.3530997304582,926.590909090909,1007.0943396226415,895.909090909091,302.2318059299192,926.590909090909,973.9730458221024,895.909090909091,NaN,NaN,NaN,NaN,NaN,NaN,NaN,NaN,NaN,NaN,NaN,NaN,NaN,NaN,NaN,NaN,NaN,NaN,NaN,NaN,NaN,NaN,NaN,NaN,NaN,NaN,NaN,NaN,NaN,NaN,NaN,NaN
344.66846361185986,928.6363636363636,1017.4447439353099,898.9772727272727,306.3719676549865,926.590909090909,983.2884097035042,897.9545454545454,NaN,NaN,NaN,NaN,NaN,NaN,NaN,NaN,NaN,NaN,NaN,NaN,NaN,NaN,NaN,NaN,NaN,NaN,NaN,NaN,NaN,NaN,NaN,NaN,NaN,NaN,NaN,NaN,NaN,NaN,NaN,NaN
353.98382749326146,927.6136363636364,1025.7250673854448,900.0,NaN,NaN,990.533692722372,897.9545454545454,NaN,NaN,NaN,NaN,NaN,NaN,NaN,NaN,NaN,NaN,NaN,NaN,NaN,NaN,NaN,NaN,NaN,NaN,NaN,NaN,NaN,NaN,NaN,NaN,NaN,NaN,NaN,NaN,NaN,NaN,NaN,NaN
362.26415094339626,928.6363636363636,1032.9703504043127,901.0227272727273,321.8975741239892,927.6136363636364,999.8490566037735,900.0,NaN,NaN,NaN,NaN,NaN,NaN,NaN,NaN,NaN,NaN,NaN,NaN,NaN,NaN,NaN,NaN,NaN,NaN,NaN,NaN,NaN,NaN,NaN,NaN,NaN,NaN,NaN,NaN,NaN,NaN,NaN,NaN
369.50943396226415,927.6136363636364,1044.355795148248,903.0681818181819,333.2830188679245,929.659090909091,1006.0592991913746,900.0,NaN,NaN,NaN,NaN,NaN,NaN,NaN,NaN,NaN,NaN,NaN,NaN,NaN,NaN,NaN,NaN,NaN,NaN,NaN,NaN,NaN,NaN,NaN,NaN,NaN,NaN,NaN,NaN,NaN,NaN,NaN,NaN
374.6846361185984,928.6363636363636,1049.5309973045821,903.0681818181819,340.5283018867924,930.6818181818181,1014.3396226415094,903.0681818181819,NaN,NaN,NaN,NaN,NaN,NaN,NaN,NaN,NaN,NaN,NaN,NaN,NaN,NaN,NaN,NaN,NaN,NaN,NaN,NaN,NaN,NaN,NaN,NaN,NaN,NaN,NaN,NaN,NaN,NaN,NaN,NaN
384.0,929.659090909091,1056.77628032345,904.0909090909091,348.8086253369272,930.6818181818181,1021.5849056603773,903.0681818181819,NaN,NaN,NaN,NaN,NaN,NaN,NaN,NaN,NaN,NaN,NaN,NaN,NaN,NaN,NaN,NaN,NaN,NaN,NaN,NaN,NaN,NaN,NaN,NaN,NaN,NaN,NaN,NaN,NaN,NaN,NaN,NaN
395.3854447439353,930.6818181818181,1066.0916442048517,905.1136363636363,357.088948787062,932.7272727272727,1028.8301886792453,902.0454545454545,NaN,NaN,NaN,NaN,NaN,NaN,NaN,NaN,NaN,NaN,NaN,NaN,NaN,NaN,NaN,NaN,NaN,NaN,NaN,NaN,NaN,NaN,NaN,NaN,NaN,NaN,NaN,NaN,NaN,NaN,NaN,NaN
404.70080862533695,929.659090909091,1073.3369272237196,906.1363636363636,364.3342318059299,930.6818181818181,1037.1105121293801,903.0681818181819,NaN,NaN,NaN,NaN,NaN,NaN,NaN,NaN,NaN,NaN,NaN,NaN,NaN,NaN,NaN,NaN,NaN,NaN,NaN,NaN,NaN,NaN,NaN,NaN,NaN,NaN,NaN,NaN,NaN,NaN,NaN,NaN
411.94609164420484,929.659090909091,1080.5822102425877,905.1136363636363,371.57951482479785,932.7272727272727,1044.355795148248,905.1136363636363,NaN,NaN,NaN,NaN,NaN,NaN,NaN,NaN,NaN,NaN,NaN,NaN,NaN,NaN,NaN,NaN,NaN,NaN,NaN,NaN,NaN,NaN,NaN,NaN,NaN,NaN,NaN,NaN,NaN,NaN,NaN,NaN
421.2614555256065,929.659090909091,1089.8975741239892,906.1363636363636,380.89487870619945,932.7272727272727,1053.6711590296495,903.0681818181819,NaN,NaN,NaN,NaN,NaN,NaN,NaN,NaN,NaN,NaN,NaN,NaN,NaN,NaN,NaN,NaN,NaN,NaN,NaN,NaN,NaN,NaN,NaN,NaN,NaN,NaN,NaN,NaN,NaN,NaN,NaN,NaN
431.61185983827494,931.7045454545454,1098.177897574124,907.1590909090909,391.24528301886795,931.7045454545454,1064.021563342318,905.1136363636363,NaN,NaN,NaN,NaN,NaN,NaN,NaN,NaN,NaN,NaN,NaN,NaN,NaN,NaN,NaN,NaN,NaN,NaN,NaN,NaN,NaN,NaN,NaN,NaN,NaN,NaN,NaN,NaN,NaN,NaN,NaN,NaN
439.8921832884097,932.7272727272727,1106.4582210242588,907.1590909090909,400.56064690026955,930.6818181818181,1069.1967654986522,906.1363636363636,NaN,NaN,NaN,NaN,NaN,NaN,NaN,NaN,NaN,NaN,NaN,NaN,NaN,NaN,NaN,NaN,NaN,NaN,NaN,NaN,NaN,NaN,NaN,NaN,NaN,NaN,NaN,NaN,NaN,NaN,NaN,NaN
447.13746630727763,932.7272727272727,1115.7735849056603,907.1590909090909,410.911051212938,930.6818181818181,1080.5822102425877,904.0909090909091,NaN,NaN,NaN,NaN,NaN,NaN,NaN,NaN,NaN,NaN,NaN,NaN,NaN,NaN,NaN,NaN,NaN,NaN,NaN,NaN,NaN,NaN,NaN,NaN,NaN,NaN,NaN,NaN,NaN,NaN,NaN,NaN
460.59299191374663,930.6818181818181,1127.1590296495956,906.1363636363636,419.1913746630728,930.6818181818181,1089.8975741239892,904.0909090909091,NaN,NaN,NaN,NaN,NaN,NaN,NaN,NaN,NaN,NaN,NaN,NaN,NaN,NaN,NaN,NaN,NaN,NaN,NaN,NaN,NaN,NaN,NaN,NaN,NaN,NaN,NaN,NaN,NaN,NaN,NaN,NaN
467.8382749326145,927.6136363636364,1138.5444743935311,906.1363636363636,430.5768194070081,928.6363636363636,1100.2479784366576,906.1363636363636,NaN,NaN,NaN,NaN,NaN,NaN,NaN,NaN,NaN,NaN,NaN,NaN,NaN,NaN,NaN,NaN,NaN,NaN,NaN,NaN,NaN,NaN,NaN,NaN,NaN,NaN,NaN,NaN,NaN,NaN,NaN,NaN
476.1185983827493,927.6136363636364,1145.789757412399,907.1590909090909,438.85714285714283,930.6818181818181,1107.4932614555255,906.1363636363636,NaN,NaN,NaN,NaN,NaN,NaN,NaN,NaN,NaN,NaN,NaN,NaN,NaN,NaN,NaN,NaN,NaN,NaN,NaN,NaN,NaN,NaN,NaN,NaN,NaN,NaN,NaN,NaN,NaN,NaN,NaN,NaN
487.5040431266847,927.6136363636364,1154.0700808625338,909.2045454545454,442.99730458221023,930.6818181818181,1117.8436657681941,907.1590909090909,NaN,NaN,NaN,NaN,NaN,NaN,NaN,NaN,NaN,NaN,NaN,NaN,NaN,NaN,NaN,NaN,NaN,NaN,NaN,NaN,NaN,NaN,NaN,NaN,NaN,NaN,NaN,NaN,NaN,NaN,NaN,NaN
492.6792452830189,927.6136363636364,1165.4555256064689,909.2045454545454,457.4878706199461,927.6136363636364,1126.1239892183287,907.1590909090909,NaN,NaN,NaN,NaN,NaN,NaN,NaN,NaN,NaN,NaN,NaN,NaN,NaN,NaN,NaN,NaN,NaN,NaN,NaN,NaN,NaN,NaN,NaN,NaN,NaN,NaN,NaN,NaN,NaN,NaN,NaN,NaN
503.0296495956873,927.6136363636364,1172.700808625337,905.1136363636363,465.7681940700809,930.6818181818181,1136.4743935309973,905.1136363636363,NaN,NaN,NaN,NaN,NaN,NaN,NaN,NaN,NaN,NaN,NaN,NaN,NaN,NaN,NaN,NaN,NaN,NaN,NaN,NaN,NaN,NaN,NaN,NaN,NaN,NaN,NaN,NaN,NaN,NaN,NaN,NaN
514.4150943396227,925.5681818181819,1182.0161725067385,906.1363636363636,478.188679245283,928.6363636363636,1145.789757412399,906.1363636363636,NaN,NaN,NaN,NaN,NaN,NaN,NaN,NaN,NaN,NaN,NaN,NaN,NaN,NaN,NaN,NaN,NaN,NaN,NaN,NaN,NaN,NaN,NaN,NaN,NaN,NaN,NaN,NaN,NaN,NaN,NaN,NaN
522.6954177897575,924.5454545454546,1191.3315363881402,906.1363636363636,485.4339622641509,927.6136363636364,1154.0700808625338,905.1136363636363,NaN,NaN,NaN,NaN,NaN,NaN,NaN,NaN,NaN,NaN,NaN,NaN,NaN,NaN,NaN,NaN,NaN,NaN,NaN,NaN,NaN,NaN,NaN,NaN,NaN,NaN,NaN,NaN,NaN,NaN,NaN,NaN
532.010781671159,923.5227272727273,1200.646900269542,905.1136363636363,492.6792452830189,925.5681818181819,1165.4555256064689,905.1136363636363,NaN,NaN,NaN,NaN,NaN,NaN,NaN,NaN,NaN,NaN,NaN,NaN,NaN,NaN,NaN,NaN,NaN,NaN,NaN,NaN,NaN,NaN,NaN,NaN,NaN,NaN,NaN,NaN,NaN,NaN,NaN,NaN
543.3962264150944,923.5227272727273,1209.9622641509434,904.0909090909091,506.1347708894879,924.5454545454546,1173.7358490566037,903.0681818181819,NaN,NaN,NaN,NaN,NaN,NaN,NaN,NaN,NaN,NaN,NaN,NaN,NaN,NaN,NaN,NaN,NaN,NaN,NaN,NaN,NaN,NaN,NaN,NaN,NaN,NaN,NaN,NaN,NaN,NaN,NaN,NaN
550.6415094339623,923.5227272727273,1217.2075471698113,905.1136363636363,516.4851752021564,922.5,1183.0512129380054,903.0681818181819,NaN,NaN,NaN,NaN,NaN,NaN,NaN,NaN,NaN,NaN,NaN,NaN,NaN,NaN,NaN,NaN,NaN,NaN,NaN,NaN,NaN,NaN,NaN,NaN,NaN,NaN,NaN,NaN,NaN,NaN,NaN,NaN
559.9568733153639,922.5,1227.5579514824797,904.0909090909091,522.6954177897575,923.5227272727273,1190.2964959568733,904.0909090909091,NaN,NaN,NaN,NaN,NaN,NaN,NaN,NaN,NaN,NaN,NaN,NaN,NaN,NaN,NaN,NaN,NaN,NaN,NaN,NaN,NaN,NaN,NaN,NaN,NaN,NaN,NaN,NaN,NaN,NaN,NaN,NaN
566.167115902965,917.3863636363637,1232.733153638814,902.0454545454545,529.9407008086254,918.4090909090909,1197.5417789757414,903.0681818181819,NaN,NaN,NaN,NaN,NaN,NaN,NaN,NaN,NaN,NaN,NaN,NaN,NaN,NaN,NaN,NaN,NaN,NaN,NaN,NaN,NaN,NaN,NaN,NaN,NaN,NaN,NaN,NaN,NaN,NaN,NaN,NaN
NaN,NaN,NaN,NaN,NaN,NaN,NaN,NaN,NaN,NaN,NaN,NaN,NaN,NaN,NaN,NaN,NaN,NaN,NaN,NaN,NaN,NaN,NaN,NaN,NaN,NaN,NaN,NaN,NaN,NaN,NaN,NaN,NaN,NaN,NaN,NaN,NaN,NaN,NaN,NaN
NaN,NaN,NaN,NaN,NaN,NaN,NaN,NaN,NaN,NaN,NaN,NaN,NaN,NaN,NaN,NaN,NaN,NaN,NaN,NaN,NaN,NaN,NaN,NaN,NaN,NaN,NaN,NaN,NaN,NaN,NaN,NaN,NaN,NaN,NaN,NaN,NaN,NaN,NaN,NaN
NaN,NaN,NaN,NaN,NaN,NaN,NaN,NaN,NaN,NaN,NaN,NaN,NaN,NaN,NaN,NaN,NaN,NaN,NaN,NaN,NaN,NaN,NaN,NaN,NaN,NaN,NaN,NaN,NaN,NaN,NaN,NaN,NaN,NaN,NaN,NaN,NaN,NaN,NaN,NaN
NaN,NaN,NaN,NaN,NaN,NaN,NaN,NaN,NaN,NaN,NaN,NaN,NaN,NaN,NaN,NaN,NaN,NaN,NaN,NaN,NaN,NaN,NaN,NaN,NaN,NaN,NaN,NaN,NaN,NaN,NaN,NaN,NaN,NaN,NaN,NaN,NaN,NaN,NaN,NaN
NaN,NaN,NaN,NaN,NaN,NaN,NaN,NaN,NaN,NaN,NaN,NaN,NaN,NaN,NaN,NaN,NaN,NaN,NaN,NaN,NaN,NaN,NaN,NaN,NaN,NaN,NaN,NaN,NaN,NaN,NaN,NaN,NaN,NaN,NaN,NaN,NaN,NaN,NaN,NaN
NaN,NaN,NaN,NaN,NaN,NaN,NaN,NaN,NaN,NaN,NaN,NaN,NaN,NaN,NaN,NaN,NaN,NaN,NaN,NaN,NaN,NaN,NaN,NaN,NaN,NaN,NaN,NaN,NaN,NaN,NaN,NaN,NaN,NaN,NaN,NaN,NaN,NaN,NaN,NaN
NaN,NaN,NaN,NaN,NaN,NaN,NaN,NaN,NaN,NaN,NaN,NaN,NaN,NaN,NaN,NaN,NaN,NaN,NaN,NaN,NaN,NaN,NaN,NaN,NaN,NaN,NaN,NaN,NaN,NaN,NaN,NaN,NaN,NaN,NaN,NaN,NaN,NaN,NaN,NaN
NaN,NaN,NaN,NaN,NaN,NaN,NaN,NaN,NaN,NaN,NaN,NaN,NaN,NaN,NaN,NaN,NaN,NaN,NaN,NaN,NaN,NaN,NaN,NaN,NaN,NaN,NaN,NaN,NaN,NaN,NaN,NaN,NaN,NaN,NaN,NaN,NaN,NaN,NaN,NaN
NaN,NaN,NaN,NaN,NaN,NaN,NaN,NaN,NaN,NaN,NaN,NaN,NaN,NaN,NaN,NaN,NaN,NaN,NaN,NaN,NaN,NaN,NaN,NaN,NaN,NaN,NaN,NaN,NaN,NaN,NaN,NaN,NaN,NaN,NaN,NaN,NaN,NaN,NaN,NaN
NaN,NaN,NaN,NaN,NaN,NaN,NaN,NaN,NaN,NaN,NaN,NaN,NaN,NaN,NaN,NaN,NaN,NaN,NaN,NaN,NaN,NaN,NaN,NaN,NaN,NaN,NaN,NaN,NaN,NaN,NaN,NaN,NaN,NaN,NaN,NaN,NaN,NaN,NaN,NaN
NaN,NaN,NaN,NaN,NaN,NaN,NaN,NaN,NaN,NaN,NaN,NaN,NaN,NaN,NaN,NaN,NaN,NaN,NaN,NaN,NaN,NaN,NaN,NaN,NaN,NaN,NaN,NaN,NaN,NaN,NaN,NaN,NaN,NaN,NaN,NaN,NaN,NaN,NaN,NaN
NaN,NaN,NaN,NaN,NaN,NaN,NaN,NaN,NaN,NaN,NaN,NaN,NaN,NaN,NaN,NaN,NaN,NaN,NaN,NaN,NaN,NaN,NaN,NaN,NaN,NaN,NaN,NaN,NaN,NaN,NaN,NaN,NaN,NaN,NaN,NaN,NaN,NaN,NaN,NaN
NaN,NaN,NaN,NaN,NaN,NaN,NaN,NaN,NaN,NaN,NaN,NaN,NaN,NaN,NaN,NaN,NaN,NaN,NaN,NaN,NaN,NaN,NaN,NaN,NaN,NaN,NaN,NaN,NaN,NaN,NaN,NaN,NaN,NaN,NaN,NaN,NaN,NaN,NaN,NaN
NaN,NaN,NaN,NaN,NaN,NaN,NaN,NaN,NaN,NaN,NaN,NaN,NaN,NaN,NaN,NaN,NaN,NaN,NaN,NaN,NaN,NaN,NaN,NaN,NaN,NaN,NaN,NaN,NaN,NaN,NaN,NaN,NaN,NaN,NaN,NaN,NaN,NaN,NaN,NaN
NaN,NaN,NaN,NaN,NaN,NaN,NaN,NaN,NaN,NaN,NaN,NaN,NaN,NaN,NaN,NaN,NaN,NaN,NaN,NaN,NaN,NaN,NaN,NaN,NaN,NaN,NaN,NaN,NaN,NaN,NaN,NaN,NaN,NaN,NaN,NaN,NaN,NaN,NaN,NaN
NaN,NaN,NaN,NaN,NaN,NaN,NaN,NaN,NaN,NaN,NaN,NaN,NaN,NaN,NaN,NaN,NaN,NaN,NaN,NaN,NaN,NaN,NaN,NaN,NaN,NaN,NaN,NaN,NaN,NaN,NaN,NaN,NaN,NaN,NaN,NaN,NaN,NaN,NaN,NaN
NaN,NaN,NaN,NaN,NaN,NaN,NaN,NaN,NaN,NaN,NaN,NaN,NaN,NaN,NaN,NaN,NaN,NaN,NaN,NaN,NaN,NaN,NaN,NaN,NaN,NaN,NaN,NaN,NaN,NaN,NaN,NaN,NaN,NaN,NaN,NaN,NaN,NaN,NaN,NaN
NaN,NaN,NaN,NaN,NaN,NaN,NaN,NaN,NaN,NaN,NaN,NaN,NaN,NaN,NaN,NaN,NaN,NaN,NaN,NaN,NaN,NaN,NaN,NaN,NaN,NaN,NaN,NaN,NaN,NaN,NaN,NaN,NaN,NaN,NaN,NaN,NaN,NaN,NaN,NaN
NaN,NaN,NaN,NaN,NaN,NaN,NaN,NaN,NaN,NaN,NaN,NaN,NaN,NaN,NaN,NaN,NaN,NaN,NaN,NaN,NaN,NaN,NaN,NaN,NaN,NaN,NaN,NaN,NaN,NaN,NaN,NaN,NaN,NaN,NaN,NaN,NaN,NaN,NaN,NaN
NaN,NaN,NaN,NaN,NaN,NaN,NaN,NaN,NaN,NaN,NaN,NaN,NaN,NaN,NaN,NaN,NaN,NaN,NaN,NaN,NaN,NaN,NaN,NaN,NaN,NaN,NaN,NaN,NaN,NaN,NaN,NaN,NaN,NaN,NaN,NaN,NaN,NaN,NaN,NaN
NaN,NaN,NaN,NaN,NaN,NaN,NaN,NaN,NaN,NaN,NaN,NaN,NaN,NaN,NaN,NaN,NaN,NaN,NaN,NaN,NaN,NaN,NaN,NaN,NaN,NaN,NaN,NaN,NaN,NaN,NaN,NaN,NaN,NaN,NaN,NaN,NaN,NaN,NaN,NaN
NaN,NaN,NaN,NaN,NaN,NaN,NaN,NaN,NaN,NaN,NaN,NaN,NaN,NaN,NaN,NaN,NaN,NaN,NaN,NaN,NaN,NaN,NaN,NaN,NaN,NaN,NaN,NaN,NaN,NaN,NaN,NaN,NaN,NaN,NaN,NaN,NaN,NaN,NaN,NaN
NaN,NaN,NaN,NaN,NaN,NaN,NaN,NaN,NaN,NaN,NaN,NaN,NaN,NaN,NaN,NaN,NaN,NaN,NaN,NaN,NaN,NaN,NaN,NaN,NaN,NaN,NaN,NaN,NaN,NaN,NaN,NaN,NaN,NaN,NaN,NaN,NaN,NaN,NaN,NaN
NaN,NaN,NaN,NaN,NaN,NaN,NaN,NaN,NaN,NaN,NaN,NaN,NaN,NaN,NaN,NaN,NaN,NaN,NaN,NaN,NaN,NaN,NaN,NaN,NaN,NaN,NaN,NaN,NaN,NaN,NaN,NaN,NaN,NaN,NaN,NaN,NaN,NaN,NaN,NaN
NaN,NaN,NaN,NaN,NaN,NaN,NaN,NaN,NaN,NaN,NaN,NaN,NaN,NaN,NaN,NaN,NaN,NaN,NaN,NaN,NaN,NaN,NaN,NaN,NaN,NaN,NaN,NaN,NaN,NaN,NaN,NaN,NaN,NaN,NaN,NaN,NaN,NaN,NaN,NaN
NaN,NaN,NaN,NaN,NaN,NaN,NaN,NaN,NaN,NaN,NaN,NaN,NaN,NaN,NaN,NaN,NaN,NaN,NaN,NaN,NaN,NaN,NaN,NaN,NaN,NaN,NaN,NaN,NaN,NaN,NaN,NaN,NaN,NaN,NaN,NaN,NaN,NaN,NaN,NaN
NaN,NaN,NaN,NaN,NaN,NaN,NaN,NaN,NaN,NaN,NaN,NaN,NaN,NaN,NaN,NaN,NaN,NaN,NaN,NaN,NaN,NaN,NaN,NaN,NaN,NaN,NaN,NaN,NaN,NaN,NaN,NaN,NaN,NaN,NaN,NaN,NaN,NaN,NaN,NaN
NaN,NaN,NaN,NaN,NaN,NaN,NaN,NaN,NaN,NaN,NaN,NaN,NaN,NaN,NaN,NaN,NaN,NaN,NaN,NaN,NaN,NaN,NaN,NaN,NaN,NaN,NaN,NaN,NaN,NaN,NaN,NaN,NaN,NaN,NaN,NaN,NaN,NaN,NaN,NaN
NaN,NaN,NaN,NaN,NaN,NaN,NaN,NaN,NaN,NaN,NaN,NaN,NaN,NaN,NaN,NaN,NaN,NaN,NaN,NaN,NaN,NaN,NaN,NaN,NaN,NaN,NaN,NaN,NaN,NaN,NaN,NaN,NaN,NaN,NaN,NaN,NaN,NaN,NaN,NaN
NaN,NaN,NaN,NaN,NaN,NaN,NaN,NaN,NaN,NaN,NaN,NaN,NaN,NaN,NaN,NaN,NaN,NaN,NaN,NaN,NaN,NaN,NaN,NaN,NaN,NaN,NaN,NaN,NaN,NaN,NaN,NaN,NaN,NaN,NaN,NaN,NaN,NaN,NaN,NaN
NaN,NaN,NaN,NaN,NaN,NaN,NaN,NaN,NaN,NaN,NaN,NaN,NaN,NaN,NaN,NaN,NaN,NaN,NaN,NaN,NaN,NaN,NaN,NaN,NaN,NaN,NaN,NaN,NaN,NaN,NaN,NaN,NaN,NaN,NaN,NaN,NaN,NaN,NaN,NaN
NaN,NaN,NaN,NaN,NaN,NaN,NaN,NaN,NaN,NaN,NaN,NaN,NaN,NaN,NaN,NaN,NaN,NaN,NaN,NaN,NaN,NaN,NaN,NaN,NaN,NaN,NaN,NaN,NaN,NaN,NaN,NaN,NaN,NaN,NaN,NaN,NaN,NaN,NaN,NaN
NaN,NaN,NaN,NaN,NaN,NaN,NaN,NaN,NaN,NaN,NaN,NaN,NaN,NaN,NaN,NaN,NaN,NaN,NaN,NaN,NaN,NaN,NaN,NaN,NaN,NaN,NaN,NaN,NaN,NaN,NaN,NaN,NaN,NaN,NaN,NaN,NaN,NaN,NaN,NaN
NaN,NaN,NaN,NaN,NaN,NaN,NaN,NaN,NaN,NaN,NaN,NaN,NaN,NaN,NaN,NaN,NaN,NaN,NaN,NaN,NaN,NaN,NaN,NaN,NaN,NaN,NaN,NaN,NaN,NaN,NaN,NaN,NaN,NaN,NaN,NaN,NaN,NaN,NaN,NaN
NaN,NaN,NaN,NaN,NaN,NaN,NaN,NaN,NaN,NaN,NaN,NaN,NaN,NaN,NaN,NaN,NaN,NaN,NaN,NaN,NaN,NaN,NaN,NaN,NaN,NaN,NaN,NaN,NaN,NaN,NaN,NaN,NaN,NaN,NaN,NaN,NaN,NaN,NaN,NaN
NaN,NaN,NaN,NaN,NaN,NaN,NaN,NaN,NaN,NaN,NaN,NaN,NaN,NaN,NaN,NaN,NaN,NaN,NaN,NaN,NaN,NaN,NaN,NaN,NaN,NaN,NaN,NaN,NaN,NaN,NaN,NaN,NaN,NaN,NaN,NaN,NaN,NaN,NaN,NaN
NaN,NaN,NaN,NaN,NaN,NaN,NaN,NaN,NaN,NaN,NaN,NaN,NaN,NaN,NaN,NaN,NaN,NaN,NaN,NaN,NaN,NaN,NaN,NaN,NaN,NaN,NaN,NaN,NaN,NaN,NaN,NaN,NaN,NaN,NaN,NaN,NaN,NaN,NaN,NaN
NaN,NaN,NaN,NaN,NaN,NaN,NaN,NaN,NaN,NaN,NaN,NaN,NaN,NaN,NaN,NaN,NaN,NaN,NaN,NaN,NaN,NaN,NaN,NaN,NaN,NaN,NaN,NaN,NaN,NaN,NaN,NaN,NaN,NaN,NaN,NaN,NaN,NaN,NaN,NaN
NaN,NaN,NaN,NaN,NaN,NaN,NaN,NaN,NaN,NaN,NaN,NaN,NaN,NaN,NaN,NaN,NaN,NaN,NaN,NaN,NaN,NaN,NaN,NaN,NaN,NaN,NaN,NaN,NaN,NaN,NaN,NaN,NaN,NaN,NaN,NaN,NaN,NaN,NaN,NaN
NaN,NaN,NaN,NaN,NaN,NaN,NaN,NaN,NaN,NaN,NaN,NaN,NaN,NaN,NaN,NaN,NaN,NaN,NaN,NaN,NaN,NaN,NaN,NaN,NaN,NaN,NaN,NaN,NaN,NaN,NaN,NaN,NaN,NaN,NaN,NaN,NaN,NaN,NaN,NaN
NaN,NaN,NaN,NaN,NaN,NaN,NaN,NaN,NaN,NaN,NaN,NaN,NaN,NaN,NaN,NaN,NaN,NaN,NaN,NaN,NaN,NaN,NaN,NaN,NaN,NaN,NaN,NaN,NaN,NaN,NaN,NaN,NaN,NaN,NaN,NaN,NaN,NaN,NaN,NaN
NaN,NaN,NaN,NaN,NaN,NaN,NaN,NaN,NaN,NaN,NaN,NaN,NaN,NaN,NaN,NaN,NaN,NaN,NaN,NaN,NaN,NaN,NaN,NaN,NaN,NaN,NaN,NaN,NaN,NaN,NaN,NaN,NaN,NaN,NaN,NaN,NaN,NaN,NaN,NaN
NaN,NaN,NaN,NaN,NaN,NaN,NaN,NaN,NaN,NaN,NaN,NaN,NaN,NaN,NaN,NaN,NaN,NaN,NaN,NaN,NaN,NaN,NaN,NaN,NaN,NaN,NaN,NaN,NaN,NaN,NaN,NaN,NaN,NaN,NaN,NaN,NaN,NaN,NaN,NaN
NaN,NaN,NaN,NaN,NaN,NaN,NaN,NaN,NaN,NaN,NaN,NaN,NaN,NaN,NaN,NaN,NaN,NaN,NaN,NaN,NaN,NaN,NaN,NaN,NaN,NaN,NaN,NaN,NaN,NaN,NaN,NaN,NaN,NaN,NaN,NaN,NaN,NaN,NaN,NaN
NaN,NaN,NaN,NaN,NaN,NaN,NaN,NaN,NaN,NaN,NaN,NaN,NaN,NaN,NaN,NaN,NaN,NaN,NaN,NaN,NaN,NaN,NaN,NaN,NaN,NaN,NaN,NaN,NaN,NaN,NaN,NaN,NaN,NaN,NaN,NaN,NaN,NaN,NaN,NaN
NaN,NaN,NaN,NaN,NaN,NaN,NaN,NaN,NaN,NaN,NaN,NaN,NaN,NaN,NaN,NaN,NaN,NaN,NaN,NaN,NaN,NaN,NaN,NaN,NaN,NaN,NaN,NaN,NaN,NaN,NaN,NaN,NaN,NaN,NaN,NaN,NaN,NaN,NaN,NaN
NaN,NaN,NaN,NaN,NaN,NaN,NaN,NaN,NaN,NaN,NaN,NaN,NaN,NaN,NaN,NaN,NaN,NaN,NaN,NaN,NaN,NaN,NaN,NaN,NaN,NaN,NaN,NaN,NaN,NaN,NaN,NaN,NaN,NaN,NaN,NaN,NaN,NaN,NaN,NaN
NaN,NaN,NaN,NaN,NaN,NaN,NaN,NaN,NaN,NaN,NaN,NaN,NaN,NaN,NaN,NaN,NaN,NaN,NaN,NaN,NaN,NaN,NaN,NaN,NaN,NaN,NaN,NaN,NaN,NaN,NaN,NaN,NaN,NaN,NaN,NaN,NaN,NaN,NaN,NaN
NaN,NaN,NaN,NaN,NaN,NaN,NaN,NaN,NaN,NaN,NaN,NaN,NaN,NaN,NaN,NaN,NaN,NaN,NaN,NaN,NaN,NaN,NaN,NaN,NaN,NaN,NaN,NaN,NaN,NaN,NaN,NaN,NaN,NaN,NaN,NaN,NaN,NaN,NaN,NaN
NaN,NaN,NaN,NaN,NaN,NaN,NaN,NaN,NaN,NaN,NaN,NaN,NaN,NaN,NaN,NaN,NaN,NaN,NaN,NaN,NaN,NaN,NaN,NaN,NaN,NaN,NaN,NaN,NaN,NaN,NaN,NaN,NaN,NaN,NaN,NaN,NaN,NaN,NaN,NaN
NaN,NaN,NaN,NaN,NaN,NaN,NaN,NaN,NaN,NaN,NaN,NaN,NaN,NaN,NaN,NaN,NaN,NaN,NaN,NaN,NaN,NaN,NaN,NaN,NaN,NaN,NaN,NaN,NaN,NaN,NaN,NaN,NaN,NaN,NaN,NaN,NaN,NaN,NaN,NaN
NaN,NaN,NaN,NaN,NaN,NaN,NaN,NaN,NaN,NaN,NaN,NaN,NaN,NaN,NaN,NaN,NaN,NaN,NaN,NaN,NaN,NaN,NaN,NaN,NaN,NaN,NaN,NaN,NaN,NaN,NaN,NaN,NaN,NaN,NaN,NaN,NaN,NaN,NaN,NaN
NaN,NaN,NaN,NaN,NaN,NaN,NaN,NaN,NaN,NaN,NaN,NaN,NaN,NaN,NaN,NaN,NaN,NaN,NaN,NaN,NaN,NaN,NaN,NaN,NaN,NaN,NaN,NaN,NaN,NaN,NaN,NaN,NaN,NaN,NaN,NaN,NaN,NaN,NaN,NaN
NaN,NaN,NaN,NaN,NaN,NaN,NaN,NaN,NaN,NaN,NaN,NaN,NaN,NaN,NaN,NaN,NaN,NaN,NaN,NaN,NaN,NaN,NaN,NaN,NaN,NaN,NaN,NaN,NaN,NaN,NaN,NaN,NaN,NaN,NaN,NaN,NaN,NaN,NaN,NaN
NaN,NaN,NaN,NaN,NaN,NaN,NaN,NaN,NaN,NaN,NaN,NaN,NaN,NaN,NaN,NaN,NaN,NaN,NaN,NaN,NaN,NaN,NaN,NaN,NaN,NaN,NaN,NaN,NaN,NaN,NaN,NaN,NaN,NaN,NaN,NaN,NaN,NaN,NaN,NaN
NaN,NaN,NaN,NaN,NaN,NaN,NaN,NaN,NaN,NaN,NaN,NaN,NaN,NaN,NaN,NaN,NaN,NaN,NaN,NaN,NaN,NaN,NaN,NaN,NaN,NaN,NaN,NaN,NaN,NaN,NaN,NaN,NaN,NaN,NaN,NaN,NaN,NaN,NaN,NaN
NaN,NaN,NaN,NaN,NaN,NaN,NaN,NaN,NaN,NaN,NaN,NaN,NaN,NaN,NaN,NaN,NaN,NaN,NaN,NaN,NaN,NaN,NaN,NaN,NaN,NaN,NaN,NaN,NaN,NaN,NaN,NaN,NaN,NaN,NaN,NaN,NaN,NaN,NaN,NaN
NaN,NaN,NaN,NaN,NaN,NaN,NaN,NaN,NaN,NaN,NaN,NaN,NaN,NaN,NaN,NaN,NaN,NaN,NaN,NaN,NaN,NaN,NaN,NaN,NaN,NaN,NaN,NaN,NaN,NaN,NaN,NaN,NaN,NaN,NaN,NaN,NaN,NaN,NaN,NaN
NaN,NaN,NaN,NaN,NaN,NaN,NaN,NaN,NaN,NaN,NaN,NaN,NaN,NaN,NaN,NaN,NaN,NaN,NaN,NaN,NaN,NaN,NaN,NaN,NaN,NaN,NaN,NaN,NaN,NaN,NaN,NaN,NaN,NaN,NaN,NaN,NaN,NaN,NaN,NaN
NaN,NaN,NaN,NaN,NaN,NaN,NaN,NaN,NaN,NaN,NaN,NaN,NaN,NaN,NaN,NaN,NaN,NaN,NaN,NaN,NaN,NaN,NaN,NaN,NaN,NaN,NaN,NaN,NaN,NaN,NaN,NaN,NaN,NaN,NaN,NaN,NaN,NaN,NaN,NaN
NaN,NaN,NaN,NaN,NaN,NaN,NaN,NaN,NaN,NaN,NaN,NaN,NaN,NaN,NaN,NaN,NaN,NaN,NaN,NaN,NaN,NaN,NaN,NaN,NaN,NaN,NaN,NaN,NaN,NaN,NaN,NaN,NaN,NaN,NaN,NaN,NaN,NaN,NaN,NaN
NaN,NaN,NaN,NaN,NaN,NaN,NaN,NaN,NaN,NaN,NaN,NaN,NaN,NaN,NaN,NaN,NaN,NaN,NaN,NaN,NaN,NaN,NaN,NaN,NaN,NaN,NaN,NaN,NaN,NaN,NaN,NaN,NaN,NaN,NaN,NaN,NaN,NaN,NaN,NaN
NaN,NaN,NaN,NaN,NaN,NaN,NaN,NaN,NaN,NaN,NaN,NaN,NaN,NaN,NaN,NaN,NaN,NaN,NaN,NaN,NaN,NaN,NaN,NaN,NaN,NaN,NaN,NaN,NaN,NaN,NaN,NaN,NaN,NaN,NaN,NaN,NaN,NaN,NaN,NaN
NaN,NaN,NaN,NaN,NaN,NaN,NaN,NaN,NaN,NaN,NaN,NaN,NaN,NaN,NaN,NaN,NaN,NaN,NaN,NaN,NaN,NaN,NaN,NaN,NaN,NaN,NaN,NaN,NaN,NaN,NaN,NaN,NaN,NaN,NaN,NaN,NaN,NaN,NaN,NaN
NaN,NaN,NaN,NaN,NaN,NaN,NaN,NaN,NaN,NaN,NaN,NaN,NaN,NaN,NaN,NaN,NaN,NaN,NaN,NaN,NaN,NaN,NaN,NaN,NaN,NaN,NaN,NaN,NaN,NaN,NaN,NaN,NaN,NaN,NaN,NaN,NaN,NaN,NaN,NaN
NaN,NaN,NaN,NaN,NaN,NaN,NaN,NaN,NaN,NaN,NaN,NaN,NaN,NaN,NaN,NaN,NaN,NaN,NaN,NaN,NaN,NaN,NaN,NaN,NaN,NaN,NaN,NaN,NaN,NaN,NaN,NaN,NaN,NaN,NaN,NaN,NaN,NaN,NaN,NaN
NaN,NaN,NaN,NaN,NaN,NaN,NaN,NaN,NaN,NaN,NaN,NaN,NaN,NaN,NaN,NaN,NaN,NaN,NaN,NaN,NaN,NaN,NaN,NaN,NaN,NaN,NaN,NaN,NaN,NaN,NaN,NaN,NaN,NaN,NaN,NaN,NaN,NaN,NaN,NaN
NaN,NaN,NaN,NaN,NaN,NaN,NaN,NaN,NaN,NaN,NaN,NaN,NaN,NaN,NaN,NaN,NaN,NaN,NaN,NaN,NaN,NaN,NaN,NaN,NaN,NaN,NaN,NaN,NaN,NaN,NaN,NaN,NaN,NaN,NaN,NaN,NaN,NaN,NaN,NaN
NaN,NaN,NaN,NaN,NaN,NaN,NaN,NaN,NaN,NaN,NaN,NaN,NaN,NaN,NaN,NaN,NaN,NaN,NaN,NaN,NaN,NaN,NaN,NaN,NaN,NaN,NaN,NaN,NaN,NaN,NaN,NaN,NaN,NaN,NaN,NaN,NaN,NaN,NaN,NaN
NaN,NaN,NaN,NaN,NaN,NaN,NaN,NaN,NaN,NaN,NaN,NaN,NaN,NaN,NaN,NaN,NaN,NaN,NaN,NaN,NaN,NaN,NaN,NaN,NaN,NaN,NaN,NaN,NaN,NaN,NaN,NaN,NaN,NaN,NaN,NaN,NaN,NaN,NaN,NaN
NaN,NaN,NaN,NaN,NaN,NaN,NaN,NaN,NaN,NaN,NaN,NaN,NaN,NaN,NaN,NaN,NaN,NaN,NaN,NaN,NaN,NaN,NaN,NaN,NaN,NaN,NaN,NaN,NaN,NaN,NaN,NaN,NaN,NaN,NaN,NaN,NaN,NaN,NaN,NaN
NaN,NaN,NaN,NaN,NaN,NaN,NaN,NaN,NaN,NaN,NaN,NaN,NaN,NaN,NaN,NaN,NaN,NaN,NaN,NaN,NaN,NaN,NaN,NaN,NaN,NaN,NaN,NaN,NaN,NaN,NaN,NaN,NaN,NaN,NaN,NaN,NaN,NaN,NaN,NaN
NaN,NaN,NaN,NaN,NaN,NaN,NaN,NaN,NaN,NaN,NaN,NaN,NaN,NaN,NaN,NaN,NaN,NaN,NaN,NaN,NaN,NaN,NaN,NaN,NaN,NaN,NaN,NaN,NaN,NaN,NaN,NaN,NaN,NaN,NaN,NaN,NaN,NaN,NaN,NaN
NaN,NaN,NaN,NaN,NaN,NaN,NaN,NaN,NaN,NaN,NaN,NaN,NaN,NaN,NaN,NaN,NaN,NaN,NaN,NaN,NaN,NaN,NaN,NaN,NaN,NaN,NaN,NaN,NaN,NaN,NaN,NaN,NaN,NaN,NaN,NaN,NaN,NaN,NaN,NaN
NaN,NaN,NaN,NaN,NaN,NaN,NaN,NaN,NaN,NaN,NaN,NaN,NaN,NaN,NaN,NaN,NaN,NaN,NaN,NaN,NaN,NaN,NaN,NaN,NaN,NaN,NaN,NaN,NaN,NaN,NaN,NaN,NaN,NaN,NaN,NaN,NaN,NaN,NaN,NaN
NaN,NaN,NaN,NaN,NaN,NaN,NaN,NaN,NaN,NaN,NaN,NaN,NaN,NaN,NaN,NaN,NaN,NaN,NaN,NaN,NaN,NaN,NaN,NaN,NaN,NaN,NaN,NaN,NaN,NaN,NaN,NaN,NaN,NaN,NaN,NaN,NaN,NaN,NaN,NaN
NaN,NaN,NaN,NaN,NaN,NaN,NaN,NaN,NaN,NaN,NaN,NaN,NaN,NaN,NaN,NaN,NaN,NaN,NaN,NaN,NaN,NaN,NaN,NaN,NaN,NaN,NaN,NaN,NaN,NaN,NaN,NaN,NaN,NaN,NaN,NaN,NaN,NaN,NaN,NaN
NaN,NaN,NaN,NaN,NaN,NaN,NaN,NaN,NaN,NaN,NaN,NaN,NaN,NaN,NaN,NaN,NaN,NaN,NaN,NaN,NaN,NaN,NaN,NaN,NaN,NaN,NaN,NaN,NaN,NaN,NaN,NaN,NaN,NaN,NaN,NaN,NaN,NaN,NaN,NaN
NaN,NaN,NaN,NaN,NaN,NaN,NaN,NaN,NaN,NaN,NaN,NaN,NaN,NaN,NaN,NaN,NaN,NaN,NaN,NaN,NaN,NaN,NaN,NaN,NaN,NaN,NaN,NaN,NaN,NaN,NaN,NaN,NaN,NaN,NaN,NaN,NaN,NaN,NaN,NaN
NaN,NaN,NaN,NaN,NaN,NaN,NaN,NaN,NaN,NaN,NaN,NaN,NaN,NaN,NaN,NaN,NaN,NaN,NaN,NaN,NaN,NaN,NaN,NaN,NaN,NaN,NaN,NaN,NaN,NaN,NaN,NaN,NaN,NaN,NaN,NaN,NaN,NaN,NaN,NaN
NaN,NaN,NaN,NaN,NaN,NaN,NaN,NaN,NaN,NaN,NaN,NaN,NaN,NaN,NaN,NaN,NaN,NaN,NaN,NaN,NaN,NaN,NaN,NaN,NaN,NaN,NaN,NaN,NaN,NaN,NaN,NaN,NaN,NaN,NaN,NaN,NaN,NaN,NaN,NaN
NaN,NaN,NaN,NaN,NaN,NaN,NaN,NaN,NaN,NaN,NaN,NaN,NaN,NaN,NaN,NaN,NaN,NaN,NaN,NaN,NaN,NaN,NaN,NaN,NaN,NaN,NaN,NaN,NaN,NaN,NaN,NaN,NaN,NaN,NaN,NaN,NaN,NaN,NaN,NaN
NaN,NaN,NaN,NaN,NaN,NaN,NaN,NaN,NaN,NaN,NaN,NaN,NaN,NaN,NaN,NaN,NaN,NaN,NaN,NaN,NaN,NaN,NaN,NaN,NaN,NaN,NaN,NaN,NaN,NaN,NaN,NaN,NaN,NaN,NaN,NaN,NaN,NaN,NaN,NaN
NaN,NaN,NaN,NaN,NaN,NaN,NaN,NaN,NaN,NaN,NaN,NaN,NaN,NaN,NaN,NaN,NaN,NaN,NaN,NaN,NaN,NaN,NaN,NaN,NaN,NaN,NaN,NaN,NaN,NaN,NaN,NaN,NaN,NaN,NaN,NaN,NaN,NaN,NaN,NaN
NaN,NaN,NaN,NaN,NaN,NaN,NaN,NaN,NaN,NaN,NaN,NaN,NaN,NaN,NaN,NaN,NaN,NaN,NaN,NaN,NaN,NaN,NaN,NaN,NaN,NaN,NaN,NaN,NaN,NaN,NaN,NaN,NaN,NaN,NaN,NaN,NaN,NaN,NaN,NaN
NaN,NaN,NaN,NaN,NaN,NaN,NaN,NaN,NaN,NaN,NaN,NaN,NaN,NaN,NaN,NaN,NaN,NaN,NaN,NaN,NaN,NaN,NaN,NaN,NaN,NaN,NaN,NaN,NaN,NaN,NaN,NaN,NaN,NaN,NaN,NaN,NaN,NaN,NaN,NaN
NaN,NaN,NaN,NaN,NaN,NaN,NaN,NaN,NaN,NaN,NaN,NaN,NaN,NaN,NaN,NaN,NaN,NaN,NaN,NaN,NaN,NaN,NaN,NaN,NaN,NaN,NaN,NaN,NaN,NaN,NaN,NaN,NaN,NaN,NaN,NaN,NaN,NaN,NaN,NaN
NaN,NaN,NaN,NaN,NaN,NaN,NaN,NaN,NaN,NaN,NaN,NaN,NaN,NaN,NaN,NaN,NaN,NaN,NaN,NaN,NaN,NaN,NaN,NaN,NaN,NaN,NaN,NaN,NaN,NaN,NaN,NaN,NaN,NaN,NaN,NaN,NaN,NaN,NaN,NaN
NaN,NaN,NaN,NaN,NaN,NaN,NaN,NaN,NaN,NaN,NaN,NaN,NaN,NaN,NaN,NaN,NaN,NaN,NaN,NaN,NaN,NaN,NaN,NaN,NaN,NaN,NaN,NaN,NaN,NaN,NaN,NaN,NaN,NaN,NaN,NaN,NaN,NaN,NaN,NaN
NaN,NaN,NaN,NaN,NaN,NaN,NaN,NaN,NaN,NaN,NaN,NaN,NaN,NaN,NaN,NaN,NaN,NaN,NaN,NaN,NaN,NaN,NaN,NaN,NaN,NaN,NaN,NaN,NaN,NaN,NaN,NaN,NaN,NaN,NaN,NaN,NaN,NaN,NaN,NaN
NaN,NaN,NaN,NaN,NaN,NaN,NaN,NaN,NaN,NaN,NaN,NaN,NaN,NaN,NaN,NaN,NaN,NaN,NaN,NaN,NaN,NaN,NaN,NaN,NaN,NaN,NaN,NaN,NaN,NaN,NaN,NaN,NaN,NaN,NaN,NaN,NaN,NaN,NaN,NaN
NaN,NaN,NaN,NaN,NaN,NaN,NaN,NaN,NaN,NaN,NaN,NaN,NaN,NaN,NaN,NaN,NaN,NaN,NaN,NaN,NaN,NaN,NaN,NaN,NaN,NaN,NaN,NaN,NaN,NaN,NaN,NaN,NaN,NaN,NaN,NaN,NaN,NaN,NaN,NaN
NaN,NaN,NaN,NaN,NaN,NaN,NaN,NaN,NaN,NaN,NaN,NaN,NaN,NaN,NaN,NaN,NaN,NaN,NaN,NaN,NaN,NaN,NaN,NaN,NaN,NaN,NaN,NaN,NaN,NaN,NaN,NaN,NaN,NaN,NaN,NaN,NaN,NaN,NaN,NaN
NaN,NaN,NaN,NaN,NaN,NaN,NaN,NaN,NaN,NaN,NaN,NaN,NaN,NaN,NaN,NaN,NaN,NaN,NaN,NaN,NaN,NaN,NaN,NaN,NaN,NaN,NaN,NaN,NaN,NaN,NaN,NaN,NaN,NaN,NaN,NaN,NaN,NaN,NaN,NaN
NaN,NaN,NaN,NaN,NaN,NaN,NaN,NaN,NaN,NaN,NaN,NaN,NaN,NaN,NaN,NaN,NaN,NaN,NaN,NaN,NaN,NaN,NaN,NaN,NaN,NaN,NaN,NaN,NaN,NaN,NaN,NaN,NaN,NaN,NaN,NaN,NaN,NaN,NaN,NaN
NaN,NaN,NaN,NaN,NaN,NaN,NaN,NaN,NaN,NaN,NaN,NaN,NaN,NaN,NaN,NaN,NaN,NaN,NaN,NaN,NaN,NaN,NaN,NaN,NaN,NaN,NaN,NaN,NaN,NaN,NaN,NaN,NaN,NaN,NaN,NaN,NaN,NaN,NaN,NaN
NaN,NaN,NaN,NaN,NaN,NaN,NaN,NaN,NaN,NaN,NaN,NaN,NaN,NaN,NaN,NaN,NaN,NaN,NaN,NaN,NaN,NaN,NaN,NaN,NaN,NaN,NaN,NaN,NaN,NaN,NaN,NaN,NaN,NaN,NaN,NaN,NaN,NaN,NaN,NaN
NaN,NaN,NaN,NaN,NaN,NaN,NaN,NaN,NaN,NaN,NaN,NaN,NaN,NaN,NaN,NaN,NaN,NaN,NaN,NaN,NaN,NaN,NaN,NaN,NaN,NaN,NaN,NaN,NaN,NaN,NaN,NaN,NaN,NaN,NaN,NaN,NaN,NaN,NaN,NaN
NaN,NaN,NaN,NaN,NaN,NaN,NaN,NaN,NaN,NaN,NaN,NaN,NaN,NaN,NaN,NaN,NaN,NaN,NaN,NaN,NaN,NaN,NaN,NaN,NaN,NaN,NaN,NaN,NaN,NaN,NaN,NaN,NaN,NaN,NaN,NaN,NaN,NaN,NaN,NaN
NaN,NaN,NaN,NaN,NaN,NaN,NaN,NaN,NaN,NaN,NaN,NaN,NaN,NaN,NaN,NaN,NaN,NaN,NaN,NaN,NaN,NaN,NaN,NaN,NaN,NaN,NaN,NaN,NaN,NaN,NaN,NaN,NaN,NaN,NaN,NaN,NaN,NaN,NaN,NaN
NaN,NaN,NaN,NaN,NaN,NaN,NaN,NaN,NaN,NaN,NaN,NaN,NaN,NaN,NaN,NaN,NaN,NaN,NaN,NaN,NaN,NaN,NaN,NaN,NaN,NaN,NaN,NaN,NaN,NaN,NaN,NaN,NaN,NaN,NaN,NaN,NaN,NaN,NaN,NaN
NaN,NaN,NaN,NaN,NaN,NaN,NaN,NaN,NaN,NaN,NaN,NaN,NaN,NaN,NaN,NaN,NaN,NaN,NaN,NaN,NaN,NaN,NaN,NaN,NaN,NaN,NaN,NaN,NaN,NaN,NaN,NaN,NaN,NaN,NaN,NaN,NaN,NaN,NaN,NaN
NaN,NaN,NaN,NaN,NaN,NaN,NaN,NaN,NaN,NaN,NaN,NaN,NaN,NaN,NaN,NaN,NaN,NaN,NaN,NaN,NaN,NaN,NaN,NaN,NaN,NaN,NaN,NaN,NaN,NaN,NaN,NaN,NaN,NaN,NaN,NaN,NaN,NaN,NaN,NaN
NaN,NaN,NaN,NaN,NaN,NaN,NaN,NaN,NaN,NaN,NaN,NaN,NaN,NaN,NaN,NaN,NaN,NaN,NaN,NaN,NaN,NaN,NaN,NaN,NaN,NaN,NaN,NaN,NaN,NaN,NaN,NaN,NaN,NaN,NaN,NaN,NaN,NaN,NaN,NaN
NaN,NaN,NaN,NaN,NaN,NaN,NaN,NaN,NaN,NaN,NaN,NaN,NaN,NaN,NaN,NaN,NaN,NaN,NaN,NaN,NaN,NaN,NaN,NaN,NaN,NaN,NaN,NaN,NaN,NaN,NaN,NaN,NaN,NaN,NaN,NaN,NaN,NaN,NaN,NaN
NaN,NaN,NaN,NaN,NaN,NaN,NaN,NaN,NaN,NaN,NaN,NaN,NaN,NaN,NaN,NaN,NaN,NaN,NaN,NaN,NaN,NaN,NaN,NaN,NaN,NaN,NaN,NaN,NaN,NaN,NaN,NaN,NaN,NaN,NaN,NaN,NaN,NaN,NaN,NaN
NaN,NaN,NaN,NaN,NaN,NaN,NaN,NaN,NaN,NaN,NaN,NaN,NaN,NaN,NaN,NaN,NaN,NaN,NaN,NaN,NaN,NaN,NaN,NaN,NaN,NaN,NaN,NaN,NaN,NaN,NaN,NaN,NaN,NaN,NaN,NaN,NaN,NaN,NaN,NaN
NaN,NaN,NaN,NaN,NaN,NaN,NaN,NaN,NaN,NaN,NaN,NaN,NaN,NaN,NaN,NaN,NaN,NaN,NaN,NaN,NaN,NaN,NaN,NaN,NaN,NaN,NaN,NaN,NaN,NaN,NaN,NaN,NaN,NaN,NaN,NaN,NaN,NaN,NaN,NaN
NaN,NaN,NaN,NaN,NaN,NaN,NaN,NaN,NaN,NaN,NaN,NaN,NaN,NaN,NaN,NaN,NaN,NaN,NaN,NaN,NaN,NaN,NaN,NaN,NaN,NaN,NaN,NaN,NaN,NaN,NaN,NaN,NaN,NaN,NaN,NaN,NaN,NaN,NaN,NaN
NaN,NaN,NaN,NaN,NaN,NaN,NaN,NaN,NaN,NaN,NaN,NaN,NaN,NaN,NaN,NaN,NaN,NaN,NaN,NaN,NaN,NaN,NaN,NaN,NaN,NaN,NaN,NaN,NaN,NaN,NaN,NaN,NaN,NaN,NaN,NaN,NaN,NaN,NaN,NaN
NaN,NaN,NaN,NaN,NaN,NaN,NaN,NaN,NaN,NaN,NaN,NaN,NaN,NaN,NaN,NaN,NaN,NaN,NaN,NaN,NaN,NaN,NaN,NaN,NaN,NaN,NaN,NaN,NaN,NaN,NaN,NaN,NaN,NaN,NaN,NaN,NaN,NaN,NaN,NaN
NaN,NaN,NaN,NaN,NaN,NaN,NaN,NaN,NaN,NaN,NaN,NaN,NaN,NaN,NaN,NaN,NaN,NaN,NaN,NaN,NaN,NaN,NaN,NaN,NaN,NaN,NaN,NaN,NaN,NaN,NaN,NaN,NaN,NaN,NaN,NaN,NaN,NaN,NaN,NaN
NaN,NaN,NaN,NaN,NaN,NaN,NaN,NaN,NaN,NaN,NaN,NaN,NaN,NaN,NaN,NaN,NaN,NaN,NaN,NaN,NaN,NaN,NaN,NaN,NaN,NaN,NaN,NaN,NaN,NaN,NaN,NaN,NaN,NaN,NaN,NaN,NaN,NaN,NaN,NaN
NaN,NaN,NaN,NaN,NaN,NaN,NaN,NaN,NaN,NaN,NaN,NaN,NaN,NaN,NaN,NaN,NaN,NaN,NaN,NaN,NaN,NaN,NaN,NaN,NaN,NaN,NaN,NaN,NaN,NaN,NaN,NaN,NaN,NaN,NaN,NaN,NaN,NaN,NaN,NaN
NaN,NaN,NaN,NaN,NaN,NaN,NaN,NaN,NaN,NaN,NaN,NaN,NaN,NaN,NaN,NaN,NaN,NaN,NaN,NaN,NaN,NaN,NaN,NaN,NaN,NaN,NaN,NaN,NaN,NaN,NaN,NaN,NaN,NaN,NaN,NaN,NaN,NaN,NaN,NaN
NaN,NaN,NaN,NaN,NaN,NaN,NaN,NaN,NaN,NaN,NaN,NaN,NaN,NaN,NaN,NaN,NaN,NaN,NaN,NaN,NaN,NaN,NaN,NaN,NaN,NaN,NaN,NaN,NaN,NaN,NaN,NaN,NaN,NaN,NaN,NaN,NaN,NaN,NaN,NaN
NaN,NaN,NaN,NaN,NaN,NaN,NaN,NaN,NaN,NaN,NaN,NaN,NaN,NaN,NaN,NaN,NaN,NaN,NaN,NaN,NaN,NaN,NaN,NaN,NaN,NaN,NaN,NaN,NaN,NaN,NaN,NaN,NaN,NaN,NaN,NaN,NaN,NaN,NaN,NaN
NaN,NaN,NaN,NaN,NaN,NaN,NaN,NaN,NaN,NaN,NaN,NaN,NaN,NaN,NaN,NaN,NaN,NaN,NaN,NaN,NaN,NaN,NaN,NaN,NaN,NaN,NaN,NaN,NaN,NaN,NaN,NaN,NaN,NaN,NaN,NaN,NaN,NaN,NaN,NaN
NaN,NaN,NaN,NaN,NaN,NaN,NaN,NaN,NaN,NaN,NaN,NaN,NaN,NaN,NaN,NaN,NaN,NaN,NaN,NaN,NaN,NaN,NaN,NaN,NaN,NaN,NaN,NaN,NaN,NaN,NaN,NaN,NaN,NaN,NaN,NaN,NaN,NaN,NaN,NaN
NaN,NaN,NaN,NaN,NaN,NaN,NaN,NaN,NaN,NaN,NaN,NaN,NaN,NaN,NaN,NaN,NaN,NaN,NaN,NaN,NaN,NaN,NaN,NaN,NaN,NaN,NaN,NaN,NaN,NaN,NaN,NaN,NaN,NaN,NaN,NaN,NaN,NaN,NaN,NaN
NaN,NaN,NaN,NaN,NaN,NaN,NaN,NaN,NaN,NaN,NaN,NaN,NaN,NaN,NaN,NaN,NaN,NaN,NaN,NaN,NaN,NaN,NaN,NaN,NaN,NaN,NaN,NaN,NaN,NaN,NaN,NaN,NaN,NaN,NaN,NaN,NaN,NaN,NaN,NaN
