Track 01_x,Track 01_y,Track 01_z,Track 02_x,Track 02_y,Track 02_z,Track 03_x,Track 03_y,Track 03_z,Track 04_x,Track 04_y,Track 04_z,Track 05_x,Track 05_y,Track 05_z,Track 06_x,Track 06_y,Track 06_z,Track 07_x,Track 07_y,Track 07_z,Track 08_x,Track 08_y,Track 08_z,Track 09_x,Track 09_y,Track 09_z,Track 10_x,Track 10_y,Track 10_z
NaN,NaN,NaN,NaN,NaN,NaN,NaN,NaN,NaN,NaN,NaN,NaN,NaN,NaN,NaN,NaN,NaN,NaN,NaN,NaN,NaN,NaN,NaN,NaN,NaN,NaN,NaN,NaN,NaN,NaN
NaN,NaN,NaN,NaN,NaN,NaN,NaN,NaN,NaN,NaN,NaN,NaN,NaN,NaN,NaN,NaN,NaN,NaN,NaN,NaN,NaN,NaN,NaN,NaN,NaN,NaN,NaN,NaN,NaN,NaN
NaN,NaN,NaN,NaN,NaN,NaN,NaN,NaN,NaN,NaN,NaN,NaN,NaN,NaN,NaN,NaN,NaN,NaN,NaN,NaN,NaN,NaN,NaN,NaN,NaN,NaN,NaN,NaN,NaN,NaN
NaN,NaN,NaN,NaN,NaN,NaN,NaN,NaN,NaN,NaN,NaN,NaN,NaN,NaN,NaN,NaN,NaN,NaN,NaN,NaN,NaN,NaN,NaN,NaN,NaN,NaN,NaN,NaN,NaN,NaN
NaN,NaN,NaN,NaN,NaN,NaN,NaN,NaN,NaN,NaN,NaN,NaN,NaN,NaN,NaN,NaN,NaN,NaN,NaN,NaN,NaN,NaN,NaN,NaN,NaN,NaN,NaN,NaN,NaN,NaN
NaN,NaN,NaN,NaN,NaN,NaN,NaN,NaN,NaN,NaN,NaN,NaN,NaN,NaN,NaN,NaN,NaN,NaN,NaN,NaN,NaN,NaN,NaN,NaN,NaN,NaN,NaN,NaN,NaN,NaN
-0.882741299,0.441621142,0.923649929,-0.85143833,0.425450131,0.916681669,-0.975201229,0.485228692,0.912186403,-1.036026229,0.408318362,0.978464996,-1.073328863,0.458816662,0.840648508,-1.064230334,0.523259537,0.779251993,NaN,NaN,NaN,NaN,NaN,NaN,NaN,NaN,NaN,NaN,NaN,NaN
-0.831503272,0.439695996,0.926436103,-0.800176109,0.396967879,0.91938069,-0.925510926,0.469520186,0.914843579,-0.989219237,0.46496011,0.978241341,-1.019003565,0.464435779,0.839744318,-1.014740398,0.508509235,0.777418693,NaN,NaN,NaN,NaN,NaN,NaN,NaN,NaN,NaN,NaN,NaN,NaN
-0.781596326,0.4246354,0.929108191,-0.746064896,0.421552716,0.919537419,-0.873699013,0.46542349,0.915249731,-0.939489087,0.473155323,0.978091627,-0.968164273,0.461723206,0.838053528,-0.964294553,0.483839404,0.777799163,NaN,NaN,NaN,NaN,NaN,NaN,NaN,NaN,NaN,NaN,NaN,NaN
-0.734272274,0.435925996,0.928848981,-0.701556124,0.433447525,0.922003645,-0.82937695,0.477918358,0.917707415,-0.897041985,0.435941535,0.974583318,-0.920848892,0.450361455,0.836126799,-0.915366792,0.504978622,0.779493994,NaN,NaN,NaN,NaN,NaN,NaN,NaN,NaN,NaN,NaN,NaN,NaN
-0.6869938,0.421377036,0.93137816,-0.658255913,0.431733204,0.921484058,-0.783674532,0.458330075,0.917728319,-0.850789414,0.465980362,0.980033628,-0.879996526,0.434519536,0.838278517,-0.867048088,0.504277742,0.778794768,NaN,NaN,NaN,NaN,NaN,NaN,NaN,NaN,NaN,NaN,NaN,NaN
-0.646348172,0.394188181,0.933505123,-0.613569145,0.392053227,0.926657342,-0.74211128,0.443175772,0.919140246,-0.800900312,0.421350838,0.976911955,-0.837812648,0.425375585,0.838865162,-0.828749886,0.468977429,0.780666196,NaN,NaN,NaN,NaN,NaN,NaN,NaN,NaN,NaN,NaN,NaN,NaN
-0.603090962,0.393325522,0.935858658,-0.572692178,0.364907078,0.925915012,-0.700971746,0.438680412,0.920565114,-0.757820785,0.41888887,0.979251369,-0.795104336,0.417305135,0.841713815,-0.786414759,0.474353873,0.785797809,NaN,NaN,NaN,NaN,NaN,NaN,NaN,NaN,NaN,NaN,NaN,NaN
-0.563339163,0.352805162,0.932138313,-0.537388817,0.36397206,0.924958086,-0.662338057,0.423151452,0.920211045,-0.713351552,0.428724697,0.978818079,-0.757239833,0.396272708,0.842003556,-0.750349735,0.462897656,0.78769828,NaN,NaN,NaN,NaN,NaN,NaN,NaN,NaN,NaN,NaN,NaN,NaN
-0.525311588,0.351919704,0.931329075,-0.492524129,0.350977651,0.922653367,-0.624250222,0.401797624,0.919805136,-0.666775188,0.381143891,0.984126233,-0.721247867,0.382134251,0.841667207,-0.715231329,0.43561979,0.787777097,NaN,NaN,NaN,NaN,NaN,NaN,NaN,NaN,NaN,NaN,NaN,NaN
-0.491251643,0.362986285,0.924591511,-0.458396562,0.337311501,0.922455094,-0.590565511,0.397957683,0.920824829,-0.629236648,0.347756407,0.983220155,-0.685716946,0.384641712,0.841947885,-0.683752159,0.39270063,0.788113583,NaN,NaN,NaN,NaN,NaN,NaN,NaN,NaN,NaN,NaN,NaN,NaN
-0.454774879,0.350866363,0.932290413,-0.427475614,0.350666191,0.923519628,-0.557158349,0.391203983,0.921818654,NaN,NaN,NaN,-0.652850238,0.382435138,0.843731337,-0.654033314,0.367657579,0.786792254,NaN,NaN,NaN,NaN,NaN,NaN,NaN,NaN,NaN,NaN,NaN,NaN
-0.424746223,0.349727896,0.928167376,-0.393205544,0.336768319,0.920650306,-0.527980231,0.410782214,0.921874502,NaN,NaN,NaN,-0.621671955,0.373048961,0.844270422,-0.622705663,0.353358253,0.785625301,NaN,NaN,NaN,NaN,NaN,NaN,NaN,NaN,NaN,NaN,NaN,NaN
-0.394830131,0.349111033,0.926917618,-0.361947444,0.325418995,0.919632642,-0.497031357,0.393176191,0.921090321,NaN,NaN,NaN,-0.593588378,0.358084349,0.843495586,-0.594661112,0.369357646,0.783359008,NaN,NaN,NaN,NaN,NaN,NaN,NaN,NaN,NaN,NaN,NaN,NaN
-0.365955963,0.335451888,0.922684773,-0.333131629,0.312758843,0.91512737,-0.470530125,0.382375812,0.916877105,NaN,NaN,NaN,-0.566568593,0.347608176,0.841569404,-0.57011745,0.343867392,0.780630102,NaN,NaN,NaN,NaN,NaN,NaN,NaN,NaN,NaN,NaN,NaN,NaN
-0.339649121,0.321441282,0.915428737,-0.307191981,0.280492783,0.907701801,-0.44376281,0.374761454,0.913491239,-0.489702723,0.327399594,0.982129233,-0.541947047,0.342605926,0.835635219,-0.544752241,0.35947639,0.778216976,NaN,NaN,NaN,NaN,NaN,NaN,NaN,NaN,NaN,NaN,NaN,NaN
-0.313434322,0.308016695,0.911045063,-0.2846035,0.296292173,0.902970368,-0.423495738,0.369372865,0.908153292,-0.463020491,0.346430196,0.974992121,-0.520400272,0.331895944,0.827826288,-0.525040375,0.330307852,0.771288225,NaN,NaN,NaN,NaN,NaN,NaN,NaN,NaN,NaN,NaN,NaN,NaN
-0.292624332,0.294663156,0.906364301,-0.26318639,0.299631945,0.898794251,-0.40267374,0.369905387,0.90286941,-0.442361862,0.304833595,0.97313051,-0.500902602,0.311570772,0.821520084,-0.50374833,0.334714875,0.765788381,NaN,NaN,NaN,NaN,NaN,NaN,NaN,NaN,NaN,NaN,NaN,NaN
-0.273385856,0.293866271,0.901649095,-0.2441552,0.301205606,0.889123592,-0.384625024,0.372684256,0.896641463,-0.425040425,0.281773663,0.965368236,-0.483198912,0.298243121,0.812359966,-0.485449222,0.318329794,0.759419468,NaN,NaN,NaN,NaN,NaN,NaN,NaN,NaN,NaN,NaN,NaN,NaN
-0.256860843,0.29306137,0.896786367,-0.231062529,0.305312982,0.887847979,-0.369071537,0.355167153,0.887779357,-0.410940539,0.253063841,0.957405821,-0.469276321,0.296904111,0.80641256,-0.471476538,0.316263754,0.751239549,NaN,NaN,NaN,NaN,NaN,NaN,NaN,NaN,NaN,NaN,NaN,NaN
-0.24316847,0.29271529,0.894651303,-0.213246608,0.315830781,0.880165815,-0.357038585,0.350546005,0.881991375,-0.401992563,0.256493174,0.949253666,-0.456317499,0.290907374,0.800383002,-0.45857835,0.322512234,0.748085487,NaN,NaN,NaN,NaN,NaN,NaN,NaN,NaN,NaN,NaN,NaN,NaN
-0.228735789,0.266592221,0.886675044,-0.203252485,0.282040684,0.873846984,-0.344566829,0.342433037,0.876209234,-0.395606175,0.259858967,0.938080794,-0.448278228,0.294447177,0.794702983,-0.449954598,0.318527431,0.747411762,NaN,NaN,NaN,NaN,NaN,NaN,NaN,NaN,NaN,NaN,NaN,NaN
-0.218494599,0.252415724,0.875636677,-0.192564433,0.284523559,0.867743833,-0.333363751,0.334982304,0.867146391,-0.390700805,0.28589653,0.929062255,-0.438629658,0.277522344,0.791770023,-0.443431257,0.310549418,0.739895128,NaN,NaN,NaN,NaN,NaN,NaN,NaN,NaN,NaN,NaN,NaN,NaN
-0.212819403,0.251557004,0.870176764,-0.183289163,0.277292488,0.860172879,-0.325406125,0.33338738,0.85793422,-0.379645638,0.261387926,0.918956754,-0.434959391,0.267084067,0.784081346,-0.439434027,0.300371623,0.736128362,NaN,NaN,NaN,NaN,NaN,NaN,NaN,NaN,NaN,NaN,NaN,NaN
-0.208125568,0.237784288,0.861712626,-0.17639399,0.247550628,0.848322965,-0.320809317,0.303189527,0.848382702,-0.371237584,0.269015317,0.911722174,-0.431230356,0.268855054,0.777034574,-0.434131835,0.325265198,0.730472964,NaN,NaN,NaN,NaN,NaN,NaN,NaN,NaN,NaN,NaN,NaN,NaN
-0.202046037,0.212552235,0.859026513,-0.170173308,0.242647498,0.84260092,-0.317750515,0.284411038,0.844427494,-0.359673822,0.261545237,0.904599436,-0.429049357,0.244768128,0.773076457,-0.434602919,0.306990679,0.72695453,NaN,NaN,NaN,NaN,NaN,NaN,NaN,NaN,NaN,NaN,NaN,NaN
-0.203308705,0.223539872,0.850363517,-0.171799864,0.214316025,0.838324245,-0.3181814,0.268380073,0.839489442,-0.349824647,0.256938021,0.90028986,-0.429088683,0.238699933,0.773032282,-0.435913122,0.295930364,0.72232844,NaN,NaN,NaN,NaN,NaN,NaN,NaN,NaN,NaN,NaN,NaN,NaN
-0.202209194,0.235984819,0.85049226,-0.169376998,0.217342866,0.833778302,-0.318240832,0.249084728,0.836159025,-0.339444937,0.237611467,0.894977989,-0.430075197,0.234107585,0.773505496,-0.440049543,0.307918171,0.722197918,NaN,NaN,NaN,NaN,NaN,NaN,NaN,NaN,NaN,NaN,NaN,NaN
-0.197508357,0.222231815,0.842020011,-0.165813256,0.211755141,0.829243594,-0.316903169,0.253975164,0.833846334,NaN,NaN,NaN,-0.429959959,0.232377822,0.777972843,-0.445359799,0.307027638,0.721341501,NaN,NaN,NaN,NaN,NaN,NaN,NaN,NaN,NaN,NaN,NaN,NaN
-0.195765554,0.209360083,0.839156575,-0.16532117,0.208440079,0.826566555,-0.316370085,0.259841199,0.833909163,NaN,NaN,NaN,-0.431004403,0.215535742,0.777800909,-0.442024316,0.256397354,0.717764826,NaN,NaN,NaN,NaN,NaN,NaN,NaN,NaN,NaN,NaN,NaN,NaN
-0.192396902,0.184068818,0.836307983,-0.163631372,0.196290552,0.822558336,-0.317137507,0.250904813,0.833011205,NaN,NaN,NaN,-0.434166667,0.228816378,0.781073294,-0.445583408,0.24053826,0.716882259,NaN,NaN,NaN,NaN,NaN,NaN,NaN,NaN,NaN,NaN,NaN,NaN
-0.191751842,0.158666542,0.833306818,-0.161588463,0.202194222,0.818008909,-0.317262722,0.231850396,0.831284587,NaN,NaN,NaN,-0.436896944,0.200246272,0.781850251,-0.446632756,0.226993959,0.712800512,NaN,NaN,NaN,NaN,NaN,NaN,NaN,NaN,NaN,NaN,NaN,NaN
-0.193138432,0.170145771,0.827523509,-0.159403802,0.186734417,0.811318617,-0.316214179,0.218348214,0.831263611,NaN,NaN,NaN,-0.435351992,0.174914095,0.77784592,-0.446138096,0.22364465,0.707766988,NaN,NaN,NaN,NaN,NaN,NaN,NaN,NaN,NaN,NaN,NaN,NaN
-0.192899358,0.169195638,0.821755555,-0.157655131,0.174357539,0.805963246,-0.316683498,0.212186537,0.829591537,-0.355370553,0.174142427,0.895764787,-0.436340008,0.158953244,0.768723345,-0.446512942,0.204700351,0.701435276,NaN,NaN,NaN,NaN,NaN,NaN,NaN,NaN,NaN,NaN,NaN,NaN
-0.192015877,0.142817373,0.812973852,-0.158107791,0.137151259,0.800991704,-0.315311529,0.216963916,0.82647341,-0.355006306,0.17052758,0.899638046,-0.438650105,0.173699595,0.759183433,-0.448739241,0.175889784,0.692673019,NaN,NaN,NaN,NaN,NaN,NaN,NaN,NaN,NaN,NaN,NaN,NaN
-0.194625071,0.142249149,0.809938538,-0.159467133,0.127099385,0.79816216,-0.316590435,0.20776003,0.820711564,-0.356583096,0.151531513,0.89656788,-0.440705573,0.173551923,0.748433115,-0.449101844,0.173629178,0.685915582,NaN,NaN,NaN,NaN,NaN,NaN,NaN,NaN,NaN,NaN,NaN,NaN
-0.19398465,0.11675537,0.80691961,-0.16091085,0.117372063,0.797345812,-0.317725533,0.176550083,0.817237885,-0.361482076,0.105616731,0.892227225,-0.441387674,0.186475021,0.744574287,-0.451019931,0.170371345,0.686341661,NaN,NaN,NaN,NaN,NaN,NaN,NaN,NaN,NaN,NaN,NaN,NaN
-0.196715867,0.116658112,0.806769727,-0.161947655,0.104623661,0.795858912,-0.319446623,0.180688288,0.813945523,-0.365250615,0.082619418,0.889012591,-0.444476496,0.180628399,0.742681915,-0.454076006,0.131421187,0.684712387,NaN,NaN,NaN,NaN,NaN,NaN,NaN,NaN,NaN,NaN,NaN,NaN
-0.198459847,0.129604048,0.809647982,-0.16200344,0.104846455,0.797202148,-0.32146409,0.166332311,0.812940817,-0.36757328,0.057851156,0.889744549,-0.4459408,0.172951288,0.746462589,-0.454693091,0.109918143,0.68785343,NaN,NaN,NaN,NaN,NaN,NaN,NaN,NaN,NaN,NaN,NaN,NaN
-0.201665283,0.091368362,0.806335811,-0.16563232,0.090999915,0.794892994,-0.323418611,0.151684441,0.81032424,-0.371410805,0.024154651,0.886473823,-0.449574427,0.159282521,0.741121542,-0.459837295,0.127938622,0.68716781,NaN,NaN,NaN,NaN,NaN,NaN,NaN,NaN,NaN,NaN,NaN,NaN
-0.203048269,0.102917635,0.800551131,-0.168111918,0.089468266,0.791383451,-0.327437231,0.128563014,0.803506466,-0.374628494,0.007214253,0.88330977,-0.4537964,0.149331146,0.743055376,-0.466220858,0.109255916,0.693942835,NaN,NaN,NaN,NaN,NaN,NaN,NaN,NaN,NaN,NaN,NaN,NaN
-0.209746202,0.090568239,0.802996228,-0.168335986,0.070664385,0.788551279,-0.331016901,0.127503813,0.797656356,-0.369648254,-0.011262432,0.878641052,-0.459791965,0.121472782,0.74644064,-0.473122891,0.10163183,0.700227564,NaN,NaN,NaN,NaN,NaN,NaN,NaN,NaN,NaN,NaN,NaN,NaN
-0.210621683,0.076977479,0.797072798,-0.170831818,0.048042611,0.786239262,-0.334496934,0.120182951,0.793383864,-0.365374615,-0.011654831,0.867219306,-0.466095871,0.122807553,0.747786803,-0.482281423,0.101053478,0.701963437,NaN,NaN,NaN,NaN,NaN,NaN,NaN,NaN,NaN,NaN,NaN,NaN
-0.212241446,0.089498225,0.797067411,-0.172001324,0.099073407,0.785183094,-0.337944865,0.106855524,0.792300282,-0.364932974,-0.015644535,0.869166103,-0.473912944,0.124218928,0.747929579,-0.488689212,0.110514821,0.700009512,NaN,NaN,NaN,NaN,NaN,NaN,NaN,NaN,NaN,NaN,NaN,NaN
-0.213978892,0.102493988,0.79995052,-0.17857088,0.065707733,0.781899693,-0.338587583,0.107158105,0.790652879,NaN,NaN,NaN,-0.472992266,0.09601881,0.750014622,-0.489246494,0.116738136,0.692183683,NaN,NaN,NaN,NaN,NaN,NaN,NaN,NaN,NaN,NaN,NaN,NaN
-0.213237905,0.076378369,0.794032237,-0.178375085,0.064933707,0.7771935,-0.34037408,0.105721351,0.79296725,NaN,NaN,NaN,-0.473529973,0.081664496,0.744831215,-0.48782989,0.099100271,0.684259489,NaN,NaN,NaN,NaN,NaN,NaN,NaN,NaN,NaN,NaN,NaN,NaN
-0.212998709,0.075421015,0.788251668,-0.173730582,0.029736001,0.775176951,-0.339295506,0.101863337,0.794615265,NaN,NaN,NaN,-0.470952036,0.039871159,0.741853513,-0.486168693,0.091973439,0.68036236,NaN,NaN,NaN,NaN,NaN,NaN,NaN,NaN,NaN,NaN,NaN,NaN
-0.217230704,0.087369389,0.785208897,-0.171106113,0.030734239,0.775327716,-0.340852874,0.093604512,0.79528352,NaN,NaN,NaN,-0.468730798,0.021390588,0.737342913,-0.485623119,0.094763125,0.675369779,NaN,NaN,NaN,NaN,NaN,NaN,NaN,NaN,NaN,NaN,NaN,NaN
-0.213877105,0.061802381,0.782321702,-0.168848469,0.055736508,0.774283572,-0.340656372,0.086918934,0.794443032,NaN,NaN,NaN,-0.458669975,0.041422744,0.733554794,-0.482129472,0.072082728,0.669186843,NaN,NaN,NaN,NaN,NaN,NaN,NaN,NaN,NaN,NaN,NaN,NaN
-0.21075958,0.037163972,0.785217097,-0.168694869,0.033975392,0.771441769,-0.340197987,0.067381744,0.795148071,-0.376663421,0.058827709,0.873739011,-0.45868063,0.028651044,0.731209495,-0.479069594,0.060260719,0.660829248,NaN,NaN,NaN,NaN,NaN,NaN,NaN,NaN,NaN,NaN,NaN,NaN
-0.210639754,0.036685682,0.782324353,-0.167736695,0.0273889,0.766731413,-0.339759721,0.058768284,0.793918262,-0.379326011,0.059077343,0.872625237,-0.459960474,0.048164906,0.720625254,-0.476061528,0.042237997,0.652406154,NaN,NaN,NaN,NaN,NaN,NaN,NaN,NaN,NaN,NaN,NaN,NaN
-0.210520199,0.036204281,0.779431514,-0.170361893,0.02638301,0.766580308,-0.338412956,0.047243199,0.797034408,-0.377340934,0.044366353,0.861993327,-0.460720065,0.036013986,0.713748571,-0.473086586,0.030799106,0.646284297,NaN,NaN,NaN,NaN,NaN,NaN,NaN,NaN,NaN,NaN,NaN,NaN
-0.208900441,0.023632759,0.779431956,-0.169745853,0.001323821,0.761712416,-0.337231243,0.028132688,0.79073643,-0.382365756,0.030625514,0.86359009,-0.463467,0.034859923,0.70404299,-0.472795798,0.029537639,0.638987634,NaN,NaN,NaN,NaN,NaN,NaN,NaN,NaN,NaN,NaN,NaN,NaN
-0.211640116,0.023499324,0.779281127,-0.169271247,-0.023224859,0.760207192,-0.336744318,0.00943987,0.784398043,-0.385531819,0.002567289,0.857451993,-0.463667011,0.017724463,0.697710149,-0.473665741,0.024228042,0.636080009,NaN,NaN,NaN,NaN,NaN,NaN,NaN,NaN,NaN,NaN,NaN,NaN
-0.212521537,0.00982247,0.773341602,-0.168918186,-0.026030049,0.76088005,-0.336795195,0.000510405,0.777312472,-0.397709331,0.016323786,0.852005144,-0.463605299,-0.008280046,0.690748961,-0.47604533,0.025377961,0.633152398,NaN,NaN,NaN,NaN,NaN,NaN,NaN,NaN,NaN,NaN,NaN,NaN
-0.210661684,-0.003723194,0.767549666,-0.169940627,-0.039063688,0.758703167,-0.338448092,-0.000821819,0.771750484,-0.405506437,0.081477875,0.85385853,-0.465982001,-0.020071228,0.684895436,-0.482759607,0.023159549,0.635570145,NaN,NaN,NaN,NaN,NaN,NaN,NaN,NaN,NaN,NaN,NaN,NaN
-0.213403912,-0.003867383,0.767398508,-0.170612298,-0.054930437,0.757198056,-0.339159448,-0.020351772,0.765719613,-0.398917019,0.038760391,0.84526592,-0.472082795,-0.014676186,0.689104803,-0.487265765,0.001098175,0.640726249,NaN,NaN,NaN,NaN,NaN,NaN,NaN,NaN,NaN,NaN,NaN,NaN
-0.217763901,0.008591399,0.767250317,-0.172511302,-0.06170476,0.757717905,-0.342074183,-0.027230653,0.760435921,-0.394870157,0.028389937,0.837668495,-0.47814633,-0.015887835,0.691010364,-0.496961687,0.018153358,0.64372898,NaN,NaN,NaN,NaN,NaN,NaN,NaN,NaN,NaN,NaN,NaN,NaN
-0.21827794,-0.030018583,0.764041588,-0.175820387,-0.100115698,0.756572916,-0.344503499,-0.02780913,0.756785224,-0.391977875,0.005448118,0.829933066,-0.48200737,-0.029147513,0.690122395,-0.50406405,0.025386119,0.650148285,NaN,NaN,NaN,NaN,NaN,NaN,NaN,NaN,NaN,NaN,NaN,NaN
-0.219895245,-0.017396971,0.764045487,-0.175087814,-0.084406065,0.756731209,-0.347354441,-0.040859964,0.753409393,NaN,NaN,NaN,-0.485765025,-0.057211794,0.690800209,-0.504760608,-0.008072118,0.643611386,NaN,NaN,NaN,NaN,NaN,NaN,NaN,NaN,NaN,NaN,NaN,NaN
-0.218157846,-0.030496115,0.761144769,-0.174947842,-0.084966833,0.753358377,-0.347874008,-0.036121727,0.750682678,NaN,NaN,NaN,-0.491168964,-0.063957207,0.690446102,-0.507920826,-0.025778786,0.63202275,NaN,NaN,NaN,NaN,NaN,NaN,NaN,NaN,NaN,NaN,NaN,NaN
-0.215690145,-0.070033092,0.752279864,-0.176571783,-0.114376472,0.747640743,-0.349300959,-0.034241962,0.746323677,NaN,NaN,NaN,-0.493934262,-0.059882358,0.68976663,-0.508801892,-0.063903258,0.62090804,NaN,NaN,NaN,NaN,NaN,NaN,NaN,NaN,NaN,NaN,NaN,NaN
-0.220543977,-0.032101437,0.75230121,-0.17757345,-0.106134641,0.744271901,-0.351440753,-0.042784133,0.744189392,NaN,NaN,NaN,-0.496059587,-0.054643941,0.689132546,-0.5120939,-0.061476266,0.617375277,NaN,NaN,NaN,NaN,NaN,NaN,NaN,NaN,NaN,NaN,NaN,NaN
-0.219936685,-0.058034071,0.749236156,-0.176700541,-0.11245338,0.74156784,-0.35285317,-0.057818273,0.7447793,NaN,NaN,NaN,-0.495680187,-0.05758099,0.686877469,-0.516379541,-0.057351227,0.615493542,NaN,NaN,NaN,NaN,NaN,NaN,NaN,NaN,NaN,NaN,NaN,NaN
-0.221068127,-0.070866283,0.74907621,-0.178141453,-0.122555631,0.740058096,-0.353841685,-0.060352796,0.745096592,NaN,NaN,NaN,-0.49547362,-0.066314947,0.687376009,-0.517788572,-0.070987437,0.607960829,NaN,NaN,NaN,NaN,NaN,NaN,NaN,NaN,NaN,NaN,NaN,NaN
-0.223214498,-0.097051811,0.745854324,-0.180780935,-0.12363188,0.739905125,-0.353930982,-0.08106892,0.74571659,-0.404779094,-0.111978869,0.831482664,-0.497676333,-0.073829035,0.685501726,-0.52072698,-0.092509705,0.604762003,NaN,NaN,NaN,NaN,NaN,NaN,NaN,NaN,NaN,NaN,NaN,NaN
-0.224349925,-0.109929733,0.745693004,-0.183420127,-0.12470703,0.739752011,-0.353934796,-0.086118579,0.744114695,-0.407859871,-0.096853469,0.829454053,-0.499268856,-0.073513026,0.685979977,-0.526450442,-0.075544933,0.602934686,NaN,NaN,NaN,NaN,NaN,NaN,NaN,NaN,NaN,NaN,NaN,NaN
-0.228240601,-0.123015175,0.745379126,-0.186003073,-0.125998362,0.738248576,-0.356557494,-0.095184821,0.743120433,-0.417780466,-0.092346683,0.830818391,-0.5021395,-0.074234232,0.679061975,-0.523600274,-0.093247207,0.597839127,NaN,NaN,NaN,NaN,NaN,NaN,NaN,NaN,NaN,NaN,NaN,NaN
-0.23052101,-0.148862089,0.745055263,-0.186087149,-0.125662477,0.740274076,-0.358620993,-0.099068169,0.740631943,-0.422190507,-0.099972178,0.82850718,-0.502835704,-0.086978681,0.669903301,-0.525144566,-0.085218352,0.591645668,NaN,NaN,NaN,NaN,NaN,NaN,NaN,NaN,NaN,NaN,NaN,NaN
-0.230400959,-0.149348538,0.74215057,-0.191748702,-0.168183858,0.740306372,-0.360539272,-0.104434491,0.739703618,-0.438564554,-0.050957618,0.826541815,-0.506824275,-0.111810729,0.661011227,-0.526608433,-0.106615022,0.590774026,NaN,NaN,NaN,NaN,NaN,NaN,NaN,NaN,NaN,NaN,NaN,NaN
-0.236391639,-0.147801601,0.753464685,-0.19652424,-0.197060999,0.74591021,-0.363566335,-0.116961259,0.740224319,-0.440789062,-0.042717639,0.82309275,-0.512642935,-0.12219494,0.661723547,-0.535775218,-0.115686858,0.596370526,-0.45654973,-0.148424982,0.636935135,NaN,NaN,NaN,NaN,NaN,NaN,NaN,NaN,NaN
-0.240533092,-0.159992841,0.758963145,-0.195753094,-0.159521611,0.745565611,-0.365300012,-0.129095447,0.738080093,-0.442555537,-0.027543608,0.823084202,-0.517025073,-0.124308627,0.66033672,-0.548479829,-0.114614801,0.606387613,-0.462310053,-0.176205644,0.634008723,NaN,NaN,NaN,NaN,NaN,NaN,NaN,NaN,NaN
-0.243391546,-0.135916864,0.750263779,-0.196945077,-0.150443143,0.746922861,-0.370531565,-0.144163676,0.73415525,-0.437335349,-0.071207163,0.816363301,-0.526483418,-0.137460249,0.664206127,-0.555834647,-0.134390337,0.618179597,-0.463798031,-0.190768278,0.636124372,NaN,NaN,NaN,NaN,NaN,NaN,NaN,NaN,NaN
-0.244777492,-0.147897774,0.755912379,-0.201146958,-0.183032513,0.747795252,-0.373439865,-0.168430964,0.733024317,-0.432097254,-0.126982981,0.812261423,-0.534132702,-0.146615108,0.671032069,-0.566691552,-0.122724217,0.632351173,NaN,NaN,NaN,NaN,NaN,NaN,NaN,NaN,NaN,NaN,NaN,NaN
-0.2439889,-0.133481538,0.764783,-0.200796352,-0.185873719,0.748469501,-0.374834996,-0.178716626,0.73443439,NaN,NaN,NaN,-0.539783864,-0.145878343,0.678057538,-0.57054158,-0.144697358,0.634744992,NaN,NaN,NaN,NaN,NaN,NaN,NaN,NaN,NaN,NaN,NaN,NaN
-0.245375411,-0.145466649,0.770434994,-0.202995013,-0.169847229,0.755913036,-0.37713988,-0.161128588,0.745015838,NaN,NaN,NaN,-0.540998699,-0.141892476,0.678025923,-0.5684924,-0.140323941,0.624753006,NaN,NaN,NaN,NaN,NaN,NaN,NaN,NaN,NaN,NaN,NaN,NaN
-0.240428451,-0.184278875,0.767518926,-0.198131464,-0.208083851,0.757246817,-0.377806074,-0.171976671,0.745680744,NaN,NaN,NaN,-0.541888711,-0.147342006,0.675110507,-0.56096789,-0.172205983,0.616390029,NaN,NaN,NaN,NaN,NaN,NaN,NaN,NaN,NaN,NaN,NaN,NaN
-0.236882332,-0.169627331,0.776545293,-0.19494988,-0.211985279,0.762808755,-0.376019989,-0.177093386,0.751615271,NaN,NaN,NaN,-0.538770121,-0.154315014,0.67409198,-0.556453466,-0.192099845,0.615873611,NaN,NaN,NaN,NaN,NaN,NaN,NaN,NaN,NaN,NaN,NaN,NaN
-0.235389222,-0.181907096,0.779450583,-0.187183026,-0.25153109,0.767686901,-0.373442819,-0.189919996,0.763806283,NaN,NaN,NaN,-0.537231843,-0.169040972,0.678558515,-0.550317292,-0.198919324,0.618399661,NaN,NaN,NaN,NaN,NaN,NaN,NaN,NaN,NaN,NaN,NaN,NaN
-0.232869656,-0.180717187,0.785415964,-0.182597959,-0.24495001,0.776116264,-0.369389803,-0.203059646,0.769028894,NaN,NaN,NaN,-0.534199878,-0.203695976,0.679550187,-0.548470774,-0.194934924,0.62079845,NaN,NaN,NaN,NaN,NaN,NaN,NaN,NaN,NaN,NaN,NaN,NaN
-0.228495878,-0.193273265,0.785569601,-0.180556452,-0.19646967,0.781308873,-0.369428237,-0.187482044,0.775404074,-0.432575705,-0.177652985,0.862016891,-0.530001155,-0.19932155,0.678689911,-0.546009675,-0.19634238,0.62204831,-0.447279521,-0.250197386,0.656366994,NaN,NaN,NaN,NaN,NaN,NaN,NaN,NaN,NaN
-0.225428745,-0.152923982,0.794736429,-0.177317011,-0.200578783,0.785519045,-0.365299433,-0.179532247,0.780776407,-0.431697313,-0.1965504,0.860616906,-0.522545578,-0.203810417,0.680752819,-0.546594558,-0.184375611,0.624392183,-0.435908076,-0.247255096,0.655847246,NaN,NaN,NaN,NaN,NaN,NaN,NaN,NaN,NaN
-0.218955725,-0.203912748,0.794751963,-0.173257732,-0.210812628,0.788378946,-0.362458291,-0.197684826,0.779633468,-0.43348586,-0.21589332,0.860422878,-0.519551385,-0.210179679,0.683119506,-0.541994525,-0.197849635,0.62394703,-0.424768338,-0.282720386,0.654955207,NaN,NaN,NaN,NaN,NaN,NaN,NaN,NaN,NaN
-0.215954564,-0.228476513,0.800577987,-0.168573885,-0.226385688,0.794624033,-0.35818029,-0.201469792,0.782976537,-0.435416743,-0.222561524,0.860961777,-0.513338518,-0.231868327,0.687790393,-0.539570699,-0.213813522,0.629567692,-0.419062049,-0.299703504,0.663317784,-0.403716365,-0.190950595,0.642179832,NaN,NaN,NaN,NaN,NaN,NaN
-0.212291511,-0.214270754,0.806694076,-0.164975982,-0.233325334,0.799516172,-0.357560275,-0.201563304,0.784969215,-0.434812337,-0.250955752,0.860175865,-0.513738449,-0.228788404,0.690618485,-0.544248107,-0.222814811,0.640516337,-0.420722954,-0.266204584,0.669393696,-0.402086574,-0.219343102,0.646058859,NaN,NaN,NaN,NaN,NaN,NaN
-0.209404196,-0.238338272,0.815437204,-0.164847273,-0.235264136,0.805606787,-0.354107259,-0.20438396,0.791409152,-0.435408995,-0.269597022,0.862763051,-0.512694643,-0.218650804,0.698666767,-0.552129961,-0.217737426,0.656506528,-0.418916802,-0.255721562,0.674273971,-0.39701474,-0.217215685,0.650422232,NaN,NaN,NaN,NaN,NaN,NaN
-0.204887977,-0.275220458,0.824201245,-0.161714084,-0.238911646,0.812528893,-0.351909656,-0.206948052,0.794255768,-0.430194296,-0.292464534,0.869041583,-0.507656204,-0.265840131,0.709852478,-0.549232842,-0.206178444,0.681609386,-0.414918804,-0.257390084,0.679164782,NaN,NaN,NaN,NaN,NaN,NaN,NaN,NaN,NaN
-0.201102128,-0.261447576,0.827405451,-0.155871728,-0.263328537,0.818794001,-0.347555064,-0.222132269,0.797531402,-0.419689339,-0.289835534,0.868948805,-0.506855656,-0.25995252,0.715030145,NaN,NaN,NaN,-0.413877301,-0.293371424,0.680075081,NaN,NaN,NaN,NaN,NaN,NaN,NaN,NaN,NaN
-0.19857634,-0.260223295,0.833379399,-0.149943468,-0.26639571,0.822488071,-0.34391265,-0.236817657,0.801165352,NaN,NaN,NaN,-0.503275478,-0.272793467,0.7247329,NaN,NaN,NaN,NaN,NaN,NaN,-0.394914227,-0.281994026,0.654669656,NaN,NaN,NaN,NaN,NaN,NaN
-0.189266802,-0.246008059,0.836884298,-0.142447228,-0.281357188,0.82551836,-0.340160039,-0.263075755,0.803950327,NaN,NaN,NaN,-0.502434623,-0.239135633,0.728430285,NaN,NaN,NaN,NaN,NaN,NaN,NaN,NaN,NaN,NaN,NaN,NaN,NaN,NaN,NaN
-0.180706043,-0.270025869,0.843043159,-0.134275068,-0.280201941,0.830039967,NaN,NaN,NaN,NaN,NaN,NaN,-0.495128252,-0.284076411,0.731876055,NaN,NaN,NaN,NaN,NaN,NaN,NaN,NaN,NaN,NaN,NaN,NaN,NaN,NaN,NaN
-0.167392444,-0.243098704,0.843922299,-0.120772762,-0.276874497,0.834187289,-0.323352684,-0.26970868,0.81738422,NaN,NaN,NaN,-0.482546854,-0.258010122,0.736784117,NaN,NaN,NaN,NaN,NaN,NaN,NaN,NaN,NaN,NaN,NaN,NaN,NaN,NaN,NaN
-0.157695194,-0.254088114,0.850217489,-0.110660343,-0.311905285,0.839960341,-0.315871629,-0.284401353,0.82555484,NaN,NaN,NaN,-0.475120708,-0.274100729,0.729720779,NaN,NaN,NaN,NaN,NaN,NaN,NaN,NaN,NaN,NaN,NaN,NaN,NaN,NaN,NaN
-0.146218256,-0.278216007,0.853626154,-0.09803723,-0.302191193,0.846810665,-0.307972448,-0.27533525,0.831533615,NaN,NaN,NaN,-0.464163961,-0.296013798,0.735807016,NaN,NaN,NaN,-0.37333066,-0.343069922,0.705332737,-0.352796446,-0.29771479,0.677867863,NaN,NaN,NaN,NaN,NaN,NaN
-0.140926257,-0.276734045,0.859753149,-0.090955135,-0.313883416,0.85120185,-0.299142114,-0.278686598,0.833959192,-0.370833642,-0.276108919,0.911694284,-0.453441702,-0.314206676,0.733427492,NaN,NaN,NaN,-0.364189272,-0.314706032,0.70724347,-0.335385142,-0.316381405,0.680013521,NaN,NaN,NaN,NaN,NaN,NaN
-0.13108806,-0.288137386,0.863145168,-0.081633047,-0.321358194,0.85641896,-0.289909683,-0.290464355,0.83557387,-0.365676638,-0.298299429,0.920708074,-0.44145452,-0.323212956,0.733449402,NaN,NaN,NaN,-0.352025203,-0.299467275,0.712727294,-0.321063838,-0.3135164,0.68082496,NaN,NaN,NaN,NaN,NaN,NaN
-0.124255405,-0.298824631,0.872210837,-0.07040695,-0.321910703,0.861099984,-0.282677761,-0.317442961,0.835422995,-0.361384743,-0.322691686,0.918813259,-0.43147748,-0.32757305,0.729435385,NaN,NaN,NaN,-0.339971875,-0.289004069,0.712301835,-0.308265515,-0.320488516,0.681464911,NaN,NaN,NaN,NaN,NaN,NaN
-0.114845064,-0.285113755,0.872794105,-0.062433156,-0.361074552,0.865398875,-0.274646069,-0.335046564,0.836154752,-0.359406312,-0.338640142,0.914785841,-0.424478789,-0.361226188,0.730123721,NaN,NaN,NaN,-0.329465219,-0.284851793,0.709395599,-0.299625138,-0.329400128,0.684575052,NaN,NaN,NaN,NaN,NaN,NaN
-0.104424767,-0.322007184,0.876092664,-0.055296766,-0.372807725,0.86912253,-0.26588158,-0.337100246,0.83544304,-0.356059611,-0.354476179,0.909471892,-0.418440148,-0.373675401,0.735455687,NaN,NaN,NaN,-0.319581866,-0.321566095,0.710804959,-0.292146371,-0.32397707,0.685712398,NaN,NaN,NaN,NaN,NaN,NaN
-0.096112178,-0.321174736,0.876550425,-0.050219675,-0.389423124,0.867953723,-0.258428203,-0.328638038,0.835112767,-0.345117897,-0.355016712,0.908028175,-0.413961111,-0.386054887,0.740138716,NaN,NaN,NaN,-0.315093125,-0.320056685,0.712236651,-0.286107071,-0.350767517,0.683768802,NaN,NaN,NaN,NaN,NaN,NaN
-0.091787883,-0.333039561,0.87964505,-0.042289953,-0.344622421,0.874052564,-0.252805328,-0.336926046,0.83419363,-0.33151856,-0.332723345,0.907501772,-0.412421145,-0.393863744,0.747530306,NaN,NaN,NaN,-0.312046504,-0.325237509,0.708841633,-0.282852644,-0.350562365,0.68327005,NaN,NaN,NaN,NaN,NaN,NaN
-0.084103753,-0.370175618,0.882800614,-0.033029677,-0.371476029,0.874419784,-0.247424061,-0.353422967,0.831248518,-0.310137841,-0.374590077,0.905098266,-0.410033405,-0.407891643,0.748690848,NaN,NaN,NaN,-0.308793327,-0.333856664,0.715987578,-0.281140446,-0.34655265,0.682041455,NaN,NaN,NaN,NaN,NaN,NaN
-0.076368707,-0.34373974,0.88335214,-0.032552039,-0.395927491,0.874999787,-0.239266836,-0.345352641,0.830955147,-0.282015423,-0.360612527,0.906689206,-0.409939406,-0.409579769,0.753785235,NaN,NaN,NaN,-0.305032198,-0.331805442,0.711517734,-0.28062763,-0.368710029,0.683230172,NaN,NaN,NaN,NaN,NaN,NaN
-0.06889406,-0.316455933,0.889727819,-0.020772921,-0.358874631,0.88058525,-0.232294776,-0.359164913,0.830469284,NaN,NaN,NaN,-0.403286995,-0.420593138,0.760305829,NaN,NaN,NaN,NaN,NaN,NaN,NaN,NaN,NaN,NaN,NaN,NaN,NaN,NaN,NaN
-0.056610771,-0.302993765,0.887545676,-0.012469097,-0.358047966,0.882400288,NaN,NaN,NaN,NaN,NaN,NaN,-0.395550018,-0.412574178,0.759652826,NaN,NaN,NaN,NaN,NaN,NaN,NaN,NaN,NaN,NaN,NaN,NaN,NaN,NaN,NaN
-0.042268853,-0.326485722,0.891131922,-0.003739135,-0.360239035,0.883544612,NaN,NaN,NaN,NaN,NaN,NaN,-0.383345121,-0.416814714,0.764258595,NaN,NaN,NaN,NaN,NaN,NaN,NaN,NaN,NaN,NaN,NaN,NaN,NaN,NaN,NaN
-0.034525875,-0.363351059,0.894298117,0.011498589,-0.368783034,0.885012424,-0.20457154,-0.380869655,0.825171893,NaN,NaN,NaN,-0.374771824,-0.429287168,0.762938603,NaN,NaN,NaN,NaN,NaN,NaN,NaN,NaN,NaN,NaN,NaN,NaN,NaN,NaN,NaN
-0.027398582,-0.374818569,0.897553222,0.023717798,-0.37567984,0.885644653,-0.193595678,-0.374397983,0.825023841,NaN,NaN,NaN,-0.364517623,-0.409719202,0.764772498,NaN,NaN,NaN,NaN,NaN,NaN,-0.235194882,-0.388346587,0.688946606,NaN,NaN,NaN,NaN,NaN,NaN
-0.019710026,-0.348552583,0.898094646,0.037061549,-0.390901824,0.888335044,-0.182079262,-0.361915539,0.824548774,-0.241232896,-0.341460639,0.919176439,-0.356718375,-0.422773654,0.766807656,NaN,NaN,NaN,NaN,NaN,NaN,-0.220579004,-0.361195858,0.688630119,NaN,NaN,NaN,NaN,NaN,NaN
-0.009037666,-0.385505484,0.89850471,0.046386638,-0.377173868,0.89094877,-0.170322555,-0.39166444,0.820292162,-0.228230967,-0.359154991,0.922531973,-0.346764129,-0.426647933,0.764490335,NaN,NaN,NaN,-0.233481703,-0.396946637,0.716074879,-0.207307185,-0.357898052,0.685991569,NaN,NaN,NaN,NaN,NaN,NaN
-0.002546541,-0.371589743,0.90184353,0.054544087,-0.415911766,0.894603422,-0.158857133,-0.388827428,0.818969598,-0.219188663,-0.387822686,0.922233664,-0.333794548,-0.428810466,0.758947935,NaN,NaN,NaN,-0.220301503,-0.401028307,0.712064613,-0.194035291,-0.376180719,0.683838399,NaN,NaN,NaN,NaN,NaN,NaN
0.005530115,-0.369725306,0.908132626,0.059422421,-0.37041629,0.897125252,-0.147749887,-0.398501915,0.817943663,-0.20922693,-0.379830208,0.91737118,-0.322619296,-0.422276861,0.751670358,NaN,NaN,NaN,-0.209808654,-0.409065084,0.710222559,-0.182949168,-0.376843061,0.679684644,NaN,NaN,NaN,NaN,NaN,NaN
0.012401227,-0.419722383,0.908283805,0.070889559,-0.352400011,0.90190896,-0.138746202,-0.411922792,0.815598315,-0.204200117,-0.364539392,0.908875737,-0.312527115,-0.433083281,0.745338771,NaN,NaN,NaN,-0.199450499,-0.409001384,0.703741583,-0.173839249,-0.383792698,0.678082751,NaN,NaN,NaN,NaN,NaN,NaN
0.013873721,-0.431280246,0.914159972,0.076668608,-0.373792324,0.90484034,-0.128397487,-0.405353836,0.813451213,-0.194888983,-0.372595569,0.901876221,-0.302890511,-0.4278886,0.744204866,NaN,NaN,NaN,-0.187586416,-0.427552761,0.700706992,NaN,NaN,NaN,NaN,NaN,NaN,NaN,NaN,NaN
0.022213416,-0.430291387,0.914618837,0.078635601,-0.427910588,0.905377528,-0.116377622,-0.40551346,0.804272278,-0.178498441,-0.362401942,0.900097176,-0.292924419,-0.418970337,0.74311784,NaN,NaN,NaN,-0.177037465,-0.485531883,0.699607819,NaN,NaN,NaN,NaN,NaN,NaN,NaN,NaN,NaN
0.028950094,-0.417289805,0.912119498,0.084834427,-0.412250944,0.909185626,-0.106293492,-0.411739127,0.800455021,-0.147361076,-0.370934232,0.892246355,-0.284163845,-0.439466571,0.745142686,NaN,NaN,NaN,-0.162439465,-0.482534665,0.701611285,NaN,NaN,NaN,NaN,NaN,NaN,NaN,NaN,NaN
0.030676532,-0.429778158,0.912158702,0.089088731,-0.42246137,0.910050922,-0.09430603,-0.422280271,0.79592512,-0.123267159,-0.408701214,0.885227539,-0.279142177,-0.449733453,0.753847564,NaN,NaN,NaN,-0.151256603,-0.460788533,0.714174129,NaN,NaN,NaN,NaN,NaN,NaN,NaN,NaN,NaN
0.036111604,-0.428640854,0.915383327,0.089873775,-0.428115836,0.910748227,-0.086877139,-0.423141722,0.791560982,-0.103247764,-0.384960094,0.885074323,-0.27605224,-0.4496002,0.756286511,NaN,NaN,NaN,NaN,NaN,NaN,NaN,NaN,NaN,NaN,NaN,NaN,NaN,NaN,NaN
0.043887738,-0.402893069,0.912996958,0.093557338,-0.414211791,0.911011552,-0.077934595,-0.435237322,0.786063137,-0.08674204,-0.365613535,0.883351278,-0.272936598,-0.455923689,0.75754519,NaN,NaN,NaN,NaN,NaN,NaN,NaN,NaN,NaN,NaN,NaN,NaN,NaN,NaN,NaN
0.050946485,-0.453211387,0.910235029,0.101201659,-0.40809987,0.909417118,-0.066370592,-0.457684411,0.784570716,NaN,NaN,NaN,-0.263725315,-0.447691892,0.759244239,NaN,NaN,NaN,NaN,NaN,NaN,NaN,NaN,NaN,NaN,NaN,NaN,NaN,NaN,NaN
0.056531545,-0.492084322,0.901583649,0.106597323,-0.406060785,0.907681836,-0.056604639,-0.446346057,0.7800663,NaN,NaN,NaN,NaN,NaN,NaN,NaN,NaN,NaN,NaN,NaN,NaN,NaN,NaN,NaN,NaN,NaN,NaN,NaN,NaN,NaN
0.064061786,-0.465257755,0.905044676,0.121434441,-0.449626685,0.900809153,-0.044825164,-0.450221352,0.77635253,-0.062417152,-0.446738126,0.887683405,NaN,NaN,NaN,NaN,NaN,NaN,NaN,NaN,NaN,NaN,NaN,NaN,NaN,NaN,NaN,NaN,NaN,NaN
0.071951841,-0.439955211,0.899742639,0.13005037,-0.449761154,0.895837333,-0.03468412,-0.446837567,0.772995078,-0.044170254,-0.470074603,0.882440527,NaN,NaN,NaN,NaN,NaN,NaN,NaN,NaN,NaN,NaN,NaN,NaN,NaN,NaN,NaN,NaN,NaN,NaN
0.082605041,-0.414426686,0.894598847,0.139784916,-0.458055951,0.89360698,NaN,NaN,NaN,-0.030072664,-0.472820873,0.879112102,NaN,NaN,NaN,NaN,NaN,NaN,NaN,NaN,NaN,NaN,NaN,NaN,NaN,NaN,NaN,NaN,NaN,NaN
0.094440731,-0.438209789,0.895129255,0.148437717,-0.439259224,0.892131606,NaN,NaN,NaN,-0.017469492,-0.454542735,0.876489611,NaN,NaN,NaN,NaN,NaN,NaN,NaN,NaN,NaN,NaN,NaN,NaN,NaN,NaN,NaN,NaN,NaN,NaN
0.101630252,-0.449440364,0.898391457,0.16271623,-0.439638181,0.888828725,NaN,NaN,NaN,-0.006482743,-0.473975201,0.868965904,NaN,NaN,NaN,NaN,NaN,NaN,NaN,NaN,NaN,NaN,NaN,NaN,NaN,NaN,NaN,NaN,NaN,NaN
0.10997178,-0.448413281,0.898851281,0.170394585,-0.453924832,0.891895929,NaN,NaN,NaN,NaN,NaN,NaN,NaN,NaN,NaN,NaN,NaN,NaN,NaN,NaN,NaN,NaN,NaN,NaN,NaN,NaN,NaN,NaN,NaN,NaN
0.120842042,-0.446104191,0.905303322,0.181892134,-0.436090391,0.895331426,NaN,NaN,NaN,NaN,NaN,NaN,NaN,NaN,NaN,NaN,NaN,NaN,NaN,NaN,NaN,NaN,NaN,NaN,NaN,NaN,NaN,NaN,NaN,NaN
0.1310747,-0.457883579,0.902881526,0.190352043,-0.455810887,0.899776146,NaN,NaN,NaN,NaN,NaN,NaN,NaN,NaN,NaN,NaN,NaN,NaN,NaN,NaN,NaN,NaN,NaN,NaN,NaN,NaN,NaN,NaN,NaN,NaN
0.140301649,-0.44370466,0.906375245,0.199062861,-0.457566324,0.902283072,NaN,NaN,NaN,NaN,NaN,NaN,NaN,NaN,NaN,NaN,NaN,NaN,NaN,NaN,NaN,NaN,NaN,NaN,NaN,NaN,NaN,NaN,NaN,NaN
0.147508058,-0.454855731,0.909640846,0.208192828,-0.462150475,0.9047994,NaN,NaN,NaN,NaN,NaN,NaN,NaN,NaN,NaN,NaN,NaN,NaN,NaN,NaN,NaN,NaN,NaN,NaN,NaN,NaN,NaN,NaN,NaN,NaN
0.153713554,-0.478663429,0.912795867,0.213239401,-0.477555662,0.9077229,NaN,NaN,NaN,NaN,NaN,NaN,NaN,NaN,NaN,NaN,NaN,NaN,NaN,NaN,NaN,NaN,NaN,NaN,NaN,NaN,NaN,NaN,NaN,NaN
0.159278891,-0.477948648,0.913102348,0.216014157,-0.47677661,0.905156072,NaN,NaN,NaN,NaN,NaN,NaN,NaN,NaN,NaN,NaN,NaN,NaN,NaN,NaN,NaN,NaN,NaN,NaN,NaN,NaN,NaN,NaN,NaN,NaN
0.1628378,-0.502578664,0.913184719,0.217541577,-0.487596731,0.908590647,NaN,NaN,NaN,NaN,NaN,NaN,NaN,NaN,NaN,NaN,NaN,NaN,NaN,NaN,NaN,NaN,NaN,NaN,NaN,NaN,NaN,NaN,NaN,NaN
0.162585177,-0.501638663,0.919030063,0.220369832,-0.468244738,0.908155322,NaN,NaN,NaN,NaN,NaN,NaN,NaN,NaN,NaN,NaN,NaN,NaN,NaN,NaN,NaN,NaN,NaN,NaN,NaN,NaN,NaN,NaN,NaN,NaN
0.161706662,-0.51480492,0.915996049,0.218971053,-0.477969547,0.908033359,NaN,NaN,NaN,NaN,NaN,NaN,NaN,NaN,NaN,NaN,NaN,NaN,NaN,NaN,NaN,NaN,NaN,NaN,NaN,NaN,NaN,NaN,NaN,NaN
0.160700638,-0.527514266,0.915884469,0.219158292,-0.498749777,0.909987878,NaN,NaN,NaN,NaN,NaN,NaN,NaN,NaN,NaN,NaN,NaN,NaN,NaN,NaN,NaN,NaN,NaN,NaN,NaN,NaN,NaN,NaN,NaN,NaN
0.158921381,-0.515169818,0.915842674,0.217007625,-0.503143641,0.907807886,NaN,NaN,NaN,NaN,NaN,NaN,NaN,NaN,NaN,NaN,NaN,NaN,NaN,NaN,NaN,NaN,NaN,NaN,NaN,NaN,NaN,NaN,NaN,NaN
0.155364693,-0.490511623,0.91575888,0.213960015,-0.501629048,0.906967911,NaN,NaN,NaN,NaN,NaN,NaN,NaN,NaN,NaN,NaN,NaN,NaN,NaN,NaN,NaN,NaN,NaN,NaN,NaN,NaN,NaN,NaN,NaN,NaN
0.147903415,-0.517130218,0.912305075,0.207506577,-0.495966137,0.903920376,NaN,NaN,NaN,NaN,NaN,NaN,NaN,NaN,NaN,NaN,NaN,NaN,NaN,NaN,NaN,NaN,NaN,NaN,NaN,NaN,NaN,NaN,NaN,NaN
0.141316595,-0.530621064,0.911884906,0.202695897,-0.501583221,0.901588805,NaN,NaN,NaN,NaN,NaN,NaN,NaN,NaN,NaN,NaN,NaN,NaN,NaN,NaN,NaN,NaN,NaN,NaN,NaN,NaN,NaN,NaN,NaN,NaN
0.137512278,-0.543767248,0.91161808,0.198097695,-0.489102155,0.89799535,NaN,NaN,NaN,NaN,NaN,NaN,NaN,NaN,NaN,NaN,NaN,NaN,NaN,NaN,NaN,NaN,NaN,NaN,NaN,NaN,NaN,NaN,NaN,NaN
0.131166651,-0.558271911,0.905344302,0.191549308,-0.501976285,0.89349032,NaN,NaN,NaN,NaN,NaN,NaN,NaN,NaN,NaN,NaN,NaN,NaN,NaN,NaN,NaN,NaN,NaN,NaN,NaN,NaN,NaN,NaN,NaN,NaN
0.122796336,-0.559431136,0.904882708,0.185932025,-0.50200431,0.890460755,NaN,NaN,NaN,NaN,NaN,NaN,NaN,NaN,NaN,NaN,NaN,NaN,NaN,NaN,NaN,NaN,NaN,NaN,NaN,NaN,NaN,NaN,NaN,NaN
0.116439888,-0.573992848,0.89860402,0.17845596,-0.508869174,0.887975627,NaN,NaN,NaN,NaN,NaN,NaN,NaN,NaN,NaN,NaN,NaN,NaN,NaN,NaN,NaN,NaN,NaN,NaN,NaN,NaN,NaN,NaN,NaN,NaN
0.109267057,-0.523757306,0.901382052,0.169317611,-0.504296339,0.885457899,NaN,NaN,NaN,NaN,NaN,NaN,NaN,NaN,NaN,NaN,NaN,NaN,NaN,NaN,NaN,NaN,NaN,NaN,NaN,NaN,NaN,NaN,NaN,NaN
0.098368486,-0.526195014,0.894917658,0.160772625,-0.523660363,0.884211518,NaN,NaN,NaN,NaN,NaN,NaN,NaN,NaN,NaN,NaN,NaN,NaN,NaN,NaN,NaN,NaN,NaN,NaN,NaN,NaN,NaN,NaN,NaN,NaN
0.089684045,-0.565512472,0.894253899,0.150504684,-0.531373632,0.884292815,NaN,NaN,NaN,NaN,NaN,NaN,NaN,NaN,NaN,NaN,NaN,NaN,NaN,NaN,NaN,NaN,NaN,NaN,NaN,NaN,NaN,NaN,NaN,NaN
0.078769339,-0.568014658,0.887782553,0.141630085,-0.529120766,0.885182788,NaN,NaN,NaN,NaN,NaN,NaN,NaN,NaN,NaN,NaN,NaN,NaN,NaN,NaN,NaN,NaN,NaN,NaN,NaN,NaN,NaN,NaN,NaN,NaN
0.063068436,-0.557417477,0.886978853,0.127116941,-0.566808083,0.883517324,NaN,NaN,NaN,NaN,NaN,NaN,NaN,NaN,NaN,NaN,NaN,NaN,NaN,NaN,NaN,NaN,NaN,NaN,NaN,NaN,NaN,NaN,NaN,NaN
0.059102508,-0.57024803,0.889631059,0.117265584,-0.577633455,0.882924623,NaN,NaN,NaN,NaN,NaN,NaN,NaN,NaN,NaN,NaN,NaN,NaN,NaN,NaN,NaN,NaN,NaN,NaN,NaN,NaN,NaN,NaN,NaN,NaN
0.045819538,-0.597743743,0.888771976,0.109791575,-0.56533493,0.884625188,NaN,NaN,NaN,NaN,NaN,NaN,NaN,NaN,NaN,NaN,NaN,NaN,NaN,NaN,NaN,NaN,NaN,NaN,NaN,NaN,NaN,NaN,NaN,NaN
0.034515908,-0.598854349,0.891084261,0.098753134,-0.588505515,0.887316476,NaN,NaN,NaN,NaN,NaN,NaN,NaN,NaN,NaN,NaN,NaN,NaN,NaN,NaN,NaN,NaN,NaN,NaN,NaN,NaN,NaN,NaN,NaN,NaN
0.027735331,-0.61219912,0.893584984,0.087544703,-0.590228353,0.889425359,NaN,NaN,NaN,NaN,NaN,NaN,NaN,NaN,NaN,NaN,NaN,NaN,NaN,NaN,NaN,NaN,NaN,NaN,NaN,NaN,NaN,NaN,NaN,NaN
0.017372701,-0.599793598,0.898947742,0.078687367,-0.588100488,0.88963485,NaN,NaN,NaN,NaN,NaN,NaN,NaN,NaN,NaN,NaN,NaN,NaN,NaN,NaN,NaN,NaN,NaN,NaN,NaN,NaN,NaN,NaN,NaN,NaN
0.006191743,-0.601383105,0.898330791,0.067733096,-0.611871041,0.889603211,NaN,NaN,NaN,NaN,NaN,NaN,NaN,NaN,NaN,NaN,NaN,NaN,NaN,NaN,NaN,NaN,NaN,NaN,NaN,NaN,NaN,NaN,NaN,NaN
-0.006195637,-0.615580272,0.900524871,0.065943196,-0.578480083,0.889669396,NaN,NaN,NaN,NaN,NaN,NaN,NaN,NaN,NaN,NaN,NaN,NaN,NaN,NaN,NaN,NaN,NaN,NaN,NaN,NaN,NaN,NaN,NaN,NaN
-0.015548181,-0.630388776,0.89701062,0.058709731,-0.58801201,0.889910235,NaN,NaN,NaN,NaN,NaN,NaN,NaN,NaN,NaN,NaN,NaN,NaN,NaN,NaN,NaN,NaN,NaN,NaN,NaN,NaN,NaN,NaN,NaN,NaN
-0.023325706,-0.657523239,0.896460474,0.051213911,-0.554343836,0.888984467,NaN,NaN,NaN,NaN,NaN,NaN,NaN,NaN,NaN,NaN,NaN,NaN,NaN,NaN,NaN,NaN,NaN,NaN,NaN,NaN,NaN,NaN,NaN,NaN
-0.033433792,-0.646007668,0.895962805,0.040551299,-0.477910063,0.892861818,NaN,NaN,NaN,NaN,NaN,NaN,NaN,NaN,NaN,NaN,NaN,NaN,NaN,NaN,NaN,NaN,NaN,NaN,NaN,NaN,NaN,NaN,NaN,NaN
-0.041463762,-0.607641532,0.898638535,0.018638346,-0.587343146,0.8931862,NaN,NaN,NaN,NaN,NaN,NaN,NaN,NaN,NaN,NaN,NaN,NaN,NaN,NaN,NaN,NaN,NaN,NaN,NaN,NaN,NaN,NaN,NaN,NaN
-0.053875222,-0.621923844,0.900832442,0.005333254,-0.615394495,0.893691817,NaN,NaN,NaN,NaN,NaN,NaN,NaN,NaN,NaN,NaN,NaN,NaN,NaN,NaN,NaN,NaN,NaN,NaN,NaN,NaN,NaN,NaN,NaN,NaN
-0.062668373,-0.662887415,0.897229022,-0.000477711,-0.614792271,0.894743241,NaN,NaN,NaN,NaN,NaN,NaN,NaN,NaN,NaN,NaN,NaN,NaN,NaN,NaN,NaN,NaN,NaN,NaN,NaN,NaN,NaN,NaN,NaN,NaN
-0.073876638,-0.664563148,0.896610365,-0.01121596,-0.619830875,0.894816824,NaN,NaN,NaN,NaN,NaN,NaN,NaN,NaN,NaN,NaN,NaN,NaN,NaN,NaN,NaN,NaN,NaN,NaN,NaN,NaN,NaN,NaN,NaN,NaN
-0.08173662,-0.62643664,0.896356733,-0.025358929,-0.642177636,0.895306696,NaN,NaN,NaN,NaN,NaN,NaN,NaN,NaN,NaN,NaN,NaN,NaN,NaN,NaN,NaN,NaN,NaN,NaN,NaN,NaN,NaN,NaN,NaN,NaN
-0.091935755,-0.679894591,0.898495213,-0.035865461,-0.627935594,0.896849061,NaN,NaN,NaN,NaN,NaN,NaN,NaN,NaN,NaN,NaN,NaN,NaN,NaN,NaN,NaN,NaN,NaN,NaN,NaN,NaN,NaN,NaN,NaN,NaN
-0.106502643,-0.655764647,0.89781027,-0.044022207,-0.609635034,0.897171712,NaN,NaN,NaN,NaN,NaN,NaN,NaN,NaN,NaN,NaN,NaN,NaN,NaN,NaN,NaN,NaN,NaN,NaN,NaN,NaN,NaN,NaN,NaN,NaN
-0.114442971,-0.616988602,0.900489028,-0.053188076,-0.626570715,0.897276849,NaN,NaN,NaN,NaN,NaN,NaN,NaN,NaN,NaN,NaN,NaN,NaN,NaN,NaN,NaN,NaN,NaN,NaN,NaN,NaN,NaN,NaN,NaN,NaN
-0.126892315,-0.631401437,0.902683171,-0.061971365,-0.646545857,0.897389193,NaN,NaN,NaN,NaN,NaN,NaN,NaN,NaN,NaN,NaN,NaN,NaN,NaN,NaN,NaN,NaN,NaN,NaN,NaN,NaN,NaN,NaN,NaN,NaN
-0.135414179,-0.632115825,0.905152349,-0.072576573,-0.631769075,0.901659783,NaN,NaN,NaN,NaN,NaN,NaN,NaN,NaN,NaN,NaN,NaN,NaN,NaN,NaN,NaN,NaN,NaN,NaN,NaN,NaN,NaN,NaN,NaN,NaN
-0.147367779,-0.672977402,0.907263312,-0.08179732,-0.626712163,0.901179851,NaN,NaN,NaN,NaN,NaN,NaN,NaN,NaN,NaN,NaN,NaN,NaN,NaN,NaN,NaN,NaN,NaN,NaN,NaN,NaN,NaN,NaN,NaN,NaN
-0.153881195,-0.688232614,0.900961803,-0.09216243,-0.634786299,0.901261725,NaN,NaN,NaN,NaN,NaN,NaN,NaN,NaN,NaN,NaN,NaN,NaN,NaN,NaN,NaN,NaN,NaN,NaN,NaN,NaN,NaN,NaN,NaN,NaN
-0.157693871,-0.635823242,0.900984637,-0.100554797,-0.657991103,0.900700549,NaN,NaN,NaN,NaN,NaN,NaN,NaN,NaN,NaN,NaN,NaN,NaN,NaN,NaN,NaN,NaN,NaN,NaN,NaN,NaN,NaN,NaN,NaN,NaN
-0.163295373,-0.636628927,0.900675785,-0.108193051,-0.665052047,0.899568834,NaN,NaN,NaN,NaN,NaN,NaN,NaN,NaN,NaN,NaN,NaN,NaN,NaN,NaN,NaN,NaN,NaN,NaN,NaN,NaN,NaN,NaN,NaN,NaN
-0.172484046,-0.677239963,0.902936124,-0.115948835,-0.671675312,0.90116748,NaN,NaN,NaN,NaN,NaN,NaN,NaN,NaN,NaN,NaN,NaN,NaN,NaN,NaN,NaN,NaN,NaN,NaN,NaN,NaN,NaN,NaN,NaN,NaN
-0.181381021,-0.651985453,0.902560711,-0.120879707,-0.655291615,0.89892108,NaN,NaN,NaN,NaN,NaN,NaN,NaN,NaN,NaN,NaN,NaN,NaN,NaN,NaN,NaN,NaN,NaN,NaN,NaN,NaN,NaN,NaN,NaN,NaN
-0.186864345,-0.653296426,0.899317631,-0.128521568,-0.662362826,0.89778935,NaN,NaN,NaN,NaN,NaN,NaN,NaN,NaN,NaN,NaN,NaN,NaN,NaN,NaN,NaN,NaN,NaN,NaN,NaN,NaN,NaN,NaN,NaN,NaN
-0.195970034,-0.694594364,0.898639524,-0.135026723,-0.656067051,0.896779548,NaN,NaN,NaN,NaN,NaN,NaN,NaN,NaN,NaN,NaN,NaN,NaN,NaN,NaN,NaN,NaN,NaN,NaN,NaN,NaN,NaN,NaN,NaN,NaN
-0.201925729,-0.669322937,0.895486248,-0.140700435,-0.656027462,0.89442014,NaN,NaN,NaN,NaN,NaN,NaN,NaN,NaN,NaN,NaN,NaN,NaN,NaN,NaN,NaN,NaN,NaN,NaN,NaN,NaN,NaN,NaN,NaN,NaN
-0.206604646,-0.655654447,0.901169918,-0.1456883,-0.661677852,0.894122508,NaN,NaN,NaN,NaN,NaN,NaN,NaN,NaN,NaN,NaN,NaN,NaN,NaN,NaN,NaN,NaN,NaN,NaN,NaN,NaN,NaN,NaN,NaN,NaN
-0.211038045,-0.642972601,0.900983355,-0.151091466,-0.664201197,0.894500001,NaN,NaN,NaN,NaN,NaN,NaN,NaN,NaN,NaN,NaN,NaN,NaN,NaN,NaN,NaN,NaN,NaN,NaN,NaN,NaN,NaN,NaN,NaN,NaN
-0.217695934,-0.657781437,0.897617182,-0.15534147,-0.675804423,0.894899148,NaN,NaN,NaN,NaN,NaN,NaN,NaN,NaN,NaN,NaN,NaN,NaN,NaN,NaN,NaN,NaN,NaN,NaN,NaN,NaN,NaN,NaN,NaN,NaN
-0.220499188,-0.658185963,0.897462527,-0.161075567,-0.675543349,0.893904103,NaN,NaN,NaN,NaN,NaN,NaN,NaN,NaN,NaN,NaN,NaN,NaN,NaN,NaN,NaN,NaN,NaN,NaN,NaN,NaN,NaN,NaN,NaN,NaN
-0.22330254,-0.658594402,0.897308019,-0.164589126,-0.670581925,0.89510224,NaN,NaN,NaN,NaN,NaN,NaN,NaN,NaN,NaN,NaN,NaN,NaN,NaN,NaN,NaN,NaN,NaN,NaN,NaN,NaN,NaN,NaN,NaN,NaN
-0.228468919,-0.686108801,0.896905216,-0.171010879,-0.687152687,0.891941846,NaN,NaN,NaN,NaN,NaN,NaN,NaN,NaN,NaN,NaN,NaN,NaN,NaN,NaN,NaN,NaN,NaN,NaN,NaN,NaN,NaN,NaN,NaN,NaN
-0.234322388,-0.685950165,0.902468558,-0.175430884,-0.675539641,0.896540203,NaN,NaN,NaN,NaN,NaN,NaN,NaN,NaN,NaN,NaN,NaN,NaN,NaN,NaN,NaN,NaN,NaN,NaN,NaN,NaN,NaN,NaN,NaN,NaN
-0.241123547,-0.700386899,0.902036028,-0.179748481,-0.686962911,0.89830537,NaN,NaN,NaN,NaN,NaN,NaN,NaN,NaN,NaN,NaN,NaN,NaN,NaN,NaN,NaN,NaN,NaN,NaN,NaN,NaN,NaN,NaN,NaN,NaN
-0.244784665,-0.647296416,0.902063592,-0.18591381,-0.706177445,0.897884293,NaN,NaN,NaN,NaN,NaN,NaN,NaN,NaN,NaN,NaN,NaN,NaN,NaN,NaN,NaN,NaN,NaN,NaN,NaN,NaN,NaN,NaN,NaN,NaN
-0.253192887,-0.648504915,0.901600173,-0.191441102,-0.708283226,0.900994772,NaN,NaN,NaN,NaN,NaN,NaN,NaN,NaN,NaN,NaN,NaN,NaN,NaN,NaN,NaN,NaN,NaN,NaN,NaN,NaN,NaN,NaN,NaN,NaN
-0.25438463,-0.662082732,0.901477144,-0.194134512,-0.709627844,0.900842193,NaN,NaN,NaN,NaN,NaN,NaN,NaN,NaN,NaN,NaN,NaN,NaN,NaN,NaN,NaN,NaN,NaN,NaN,NaN,NaN,NaN,NaN,NaN,NaN
-0.261188847,-0.676505887,0.901044505,-0.198845833,-0.718074168,0.902601914,NaN,NaN,NaN,NaN,NaN,NaN,NaN,NaN,NaN,NaN,NaN,NaN,NaN,NaN,NaN,NaN,NaN,NaN,NaN,NaN,NaN,NaN,NaN,NaN
-0.263037511,-0.66230564,0.906883765,-0.204179141,-0.721005246,0.900929544,NaN,NaN,NaN,NaN,NaN,NaN,NaN,NaN,NaN,NaN,NaN,NaN,NaN,NaN,NaN,NaN,NaN,NaN,NaN,NaN,NaN,NaN,NaN,NaN
-0.268525545,-0.66361864,0.903639395,-0.207310381,-0.719065671,0.902136123,NaN,NaN,NaN,NaN,NaN,NaN,NaN,NaN,NaN,NaN,NaN,NaN,NaN,NaN,NaN,NaN,NaN,NaN,NaN,NaN,NaN,NaN,NaN,NaN
-0.268525399,-0.663616976,0.90363941,-0.210441252,-0.717128296,0.90334262,NaN,NaN,NaN,NaN,NaN,NaN,NaN,NaN,NaN,NaN,NaN,NaN,NaN,NaN,NaN,NaN,NaN,NaN,NaN,NaN,NaN,NaN,NaN,NaN
-0.274254492,-0.66393285,0.906265613,-0.215536869,-0.722539477,0.905095218,NaN,NaN,NaN,NaN,NaN,NaN,NaN,NaN,NaN,NaN,NaN,NaN,NaN,NaN,NaN,NaN,NaN,NaN,NaN,NaN,NaN,NaN,NaN,NaN
-0.275696768,-0.676564271,0.912015834,-0.218695575,-0.72048144,0.906985097,NaN,NaN,NaN,NaN,NaN,NaN,NaN,NaN,NaN,NaN,NaN,NaN,NaN,NaN,NaN,NaN,NaN,NaN,NaN,NaN,NaN,NaN,NaN,NaN
-0.281308119,-0.677389385,0.911706737,-0.224572251,-0.742700495,0.907941081,NaN,NaN,NaN,NaN,NaN,NaN,NaN,NaN,NaN,NaN,NaN,NaN,NaN,NaN,NaN,NaN,NaN,NaN,NaN,NaN,NaN,NaN,NaN,NaN
-0.288368856,-0.690882761,0.917150693,-0.226490162,-0.727255465,0.908585435,NaN,NaN,NaN,NaN,NaN,NaN,NaN,NaN,NaN,NaN,NaN,NaN,NaN,NaN,NaN,NaN,NaN,NaN,NaN,NaN,NaN,NaN,NaN,NaN
-0.292771094,-0.678029912,0.916961043,-0.231506404,-0.733034951,0.908288064,NaN,NaN,NaN,NaN,NaN,NaN,NaN,NaN,NaN,NaN,NaN,NaN,NaN,NaN,NaN,NaN,NaN,NaN,NaN,NaN,NaN,NaN,NaN,NaN
-0.2987625,-0.651919148,0.916736407,-0.23385371,-0.714283138,0.910291392,NaN,NaN,NaN,NaN,NaN,NaN,NaN,NaN,NaN,NaN,NaN,NaN,NaN,NaN,NaN,NaN,NaN,NaN,NaN,NaN,NaN,NaN,NaN,NaN
-0.304115167,-0.679177377,0.919279393,-0.238924969,-0.719819978,0.911361096,NaN,NaN,NaN,NaN,NaN,NaN,NaN,NaN,NaN,NaN,NaN,NaN,NaN,NaN,NaN,NaN,NaN,NaN,NaN,NaN,NaN,NaN,NaN,NaN
-0.306921328,-0.679587227,0.919124796,-0.245304475,-0.738554008,0.915045456,NaN,NaN,NaN,NaN,NaN,NaN,NaN,NaN,NaN,NaN,NaN,NaN,NaN,NaN,NaN,NaN,NaN,NaN,NaN,NaN,NaN,NaN,NaN,NaN
-0.31509762,-0.707378116,0.921515315,-0.25473217,-0.779070287,0.915740715,NaN,NaN,NaN,NaN,NaN,NaN,NaN,NaN,NaN,NaN,NaN,NaN,NaN,NaN,NaN,NaN,NaN,NaN,NaN,NaN,NaN,NaN,NaN,NaN
-0.323644098,-0.708142903,0.923989713,-0.259364341,-0.764783059,0.916915173,NaN,NaN,NaN,NaN,NaN,NaN,NaN,NaN,NaN,NaN,NaN,NaN,NaN,NaN,NaN,NaN,NaN,NaN,NaN,NaN,NaN,NaN,NaN,NaN
-0.330841212,-0.695635417,0.923644116,-0.264021063,-0.750373998,0.918773027,NaN,NaN,NaN,NaN,NaN,NaN,NaN,NaN,NaN,NaN,NaN,NaN,NaN,NaN,NaN,NaN,NaN,NaN,NaN,NaN,NaN,NaN,NaN,NaN
-0.336234401,-0.723132852,0.92619197,-0.271833538,-0.757224117,0.920375934,NaN,NaN,NaN,NaN,NaN,NaN,NaN,NaN,NaN,NaN,NaN,NaN,NaN,NaN,NaN,NaN,NaN,NaN,NaN,NaN,NaN,NaN,NaN,NaN
-0.343548143,-0.710095821,0.928784255,-0.280339137,-0.75813432,0.920594146,NaN,NaN,NaN,NaN,NaN,NaN,NaN,NaN,NaN,NaN,NaN,NaN,NaN,NaN,NaN,NaN,NaN,NaN,NaN,NaN,NaN,NaN,NaN,NaN
-0.353664355,-0.697457031,0.931220898,-0.287586974,-0.722042051,0.922391212,NaN,NaN,NaN,NaN,NaN,NaN,NaN,NaN,NaN,NaN,NaN,NaN,NaN,NaN,NaN,NaN,NaN,NaN,NaN,NaN,NaN,NaN,NaN,NaN
-0.360846481,-0.684889365,0.930874157,-0.298383611,-0.727477383,0.92178264,NaN,NaN,NaN,NaN,NaN,NaN,NaN,NaN,NaN,NaN,NaN,NaN,NaN,NaN,NaN,NaN,NaN,NaN,NaN,NaN,NaN,NaN,NaN,NaN
-0.370516681,-0.699963628,0.930294181,-0.30659513,-0.731096122,0.924060303,NaN,NaN,NaN,NaN,NaN,NaN,NaN,NaN,NaN,NaN,NaN,NaN,NaN,NaN,NaN,NaN,NaN,NaN,NaN,NaN,NaN,NaN,NaN,NaN
-0.378943984,-0.701214693,0.929830853,-0.317057839,-0.739544228,0.924143785,NaN,NaN,NaN,NaN,NaN,NaN,NaN,NaN,NaN,NaN,NaN,NaN,NaN,NaN,NaN,NaN,NaN,NaN,NaN,NaN,NaN,NaN,NaN,NaN
-0.387607986,-0.701449977,0.935243479,-0.324538791,-0.749408022,0.926439516,NaN,NaN,NaN,NaN,NaN,NaN,NaN,NaN,NaN,NaN,NaN,NaN,NaN,NaN,NaN,NaN,NaN,NaN,NaN,NaN,NaN,NaN,NaN,NaN
-0.394368835,-0.716697437,0.931879799,-0.331414015,-0.739701472,0.926100635,NaN,NaN,NaN,NaN,NaN,NaN,NaN,NaN,NaN,NaN,NaN,NaN,NaN,NaN,NaN,NaN,NaN,NaN,NaN,NaN,NaN,NaN,NaN,NaN
-0.40394992,-0.732416606,0.928358945,-0.339888143,-0.740697517,0.92563541,NaN,NaN,NaN,NaN,NaN,NaN,NaN,NaN,NaN,NaN,NaN,NaN,NaN,NaN,NaN,NaN,NaN,NaN,NaN,NaN,NaN,NaN,NaN,NaN
-0.410881734,-0.720771355,0.922134587,-0.352798196,-0.777207405,0.92411317,NaN,NaN,NaN,NaN,NaN,NaN,NaN,NaN,NaN,NaN,NaN,NaN,NaN,NaN,NaN,NaN,NaN,NaN,NaN,NaN,NaN,NaN,NaN,NaN
-0.417777579,-0.735588745,0.921704774,-0.364152472,-0.80299289,0.92340003,NaN,NaN,NaN,NaN,NaN,NaN,NaN,NaN,NaN,NaN,NaN,NaN,NaN,NaN,NaN,NaN,NaN,NaN,NaN,NaN,NaN,NaN,NaN,NaN
-0.427868642,-0.722802877,0.924145968,-0.372645649,-0.804060357,0.922933477,NaN,NaN,NaN,NaN,NaN,NaN,NaN,NaN,NaN,NaN,NaN,NaN,NaN,NaN,NaN,NaN,NaN,NaN,NaN,NaN,NaN,NaN,NaN,NaN
-0.439116178,-0.724498966,0.923527193,-0.383460619,-0.809801091,0.92163728,NaN,NaN,NaN,NaN,NaN,NaN,NaN,NaN,NaN,NaN,NaN,NaN,NaN,NaN,NaN,NaN,NaN,NaN,NaN,NaN,NaN,NaN,NaN,NaN
-0.446144059,-0.738861679,0.926037987,-0.390785276,-0.77064053,0.91932663,NaN,NaN,NaN,NaN,NaN,NaN,NaN,NaN,NaN,NaN,NaN,NaN,NaN,NaN,NaN,NaN,NaN,NaN,NaN,NaN,NaN,NaN,NaN,NaN
-0.455872812,-0.727557322,0.919658862,-0.402888587,-0.790212715,0.918594326,NaN,NaN,NaN,NaN,NaN,NaN,NaN,NaN,NaN,NaN,NaN,NaN,NaN,NaN,NaN,NaN,NaN,NaN,NaN,NaN,NaN,NaN,NaN,NaN
-0.470387527,-0.700958111,0.92485132,-0.411898478,-0.761457917,0.918210761,NaN,NaN,NaN,NaN,NaN,NaN,NaN,NaN,NaN,NaN,NaN,NaN,NaN,NaN,NaN,NaN,NaN,NaN,NaN,NaN,NaN,NaN,NaN,NaN
-0.479911226,-0.744024133,0.924180621,-0.427133177,-0.779045756,0.91868618,NaN,NaN,NaN,NaN,NaN,NaN,NaN,NaN,NaN,NaN,NaN,NaN,NaN,NaN,NaN,NaN,NaN,NaN,NaN,NaN,NaN,NaN,NaN,NaN
-0.491169471,-0.745747999,0.923561181,-0.437565251,-0.788050976,0.916713139,NaN,NaN,NaN,NaN,NaN,NaN,NaN,NaN,NaN,NaN,NaN,NaN,NaN,NaN,NaN,NaN,NaN,NaN,NaN,NaN,NaN,NaN,NaN,NaN
-0.509439455,-0.735114723,0.919658288,-0.450340663,-0.750906843,0.916840908,NaN,NaN,NaN,NaN,NaN,NaN,NaN,NaN,NaN,NaN,NaN,NaN,NaN,NaN,NaN,NaN,NaN,NaN,NaN,NaN,NaN,NaN,NaN,NaN
-0.523393447,-0.737759263,0.91594308,-0.465243379,-0.745379369,0.914679491,NaN,NaN,NaN,NaN,NaN,NaN,NaN,NaN,NaN,NaN,NaN,NaN,NaN,NaN,NaN,NaN,NaN,NaN,NaN,NaN,NaN,NaN,NaN,NaN
-0.534766449,-0.738939636,0.918264668,-0.476755634,-0.744682292,0.913369551,NaN,NaN,NaN,NaN,NaN,NaN,NaN,NaN,NaN,NaN,NaN,NaN,NaN,NaN,NaN,NaN,NaN,NaN,NaN,NaN,NaN,NaN,NaN,NaN
-0.555712916,-0.729136313,0.91126844,-0.493605345,-0.747107784,0.90970175,NaN,NaN,NaN,NaN,NaN,NaN,NaN,NaN,NaN,NaN,NaN,NaN,NaN,NaN,NaN,NaN,NaN,NaN,NaN,NaN,NaN,NaN,NaN,NaN
-0.569897178,-0.730710764,0.913434889,-0.50640748,-0.760687354,0.907581757,NaN,NaN,NaN,NaN,NaN,NaN,NaN,NaN,NaN,NaN,NaN,NaN,NaN,NaN,NaN,NaN,NaN,NaN,NaN,NaN,NaN,NaN,NaN,NaN
-0.582276743,-0.747742347,0.906805294,-0.522254996,-0.772639702,0.904615396,NaN,NaN,NaN,NaN,NaN,NaN,NaN,NaN,NaN,NaN,NaN,NaN,NaN,NaN,NaN,NaN,NaN,NaN,NaN,NaN,NaN,NaN,NaN,NaN
-0.601988784,-0.750729373,0.905719737,-0.541299443,-0.755353543,0.903644683,NaN,NaN,NaN,NaN,NaN,NaN,NaN,NaN,NaN,NaN,NaN,NaN,NaN,NaN,NaN,NaN,NaN,NaN,NaN,NaN,NaN,NaN,NaN,NaN
-0.615956309,-0.753386096,0.902001662,-0.562929305,-0.766908169,0.900364348,NaN,NaN,NaN,NaN,NaN,NaN,NaN,NaN,NaN,NaN,NaN,NaN,NaN,NaN,NaN,NaN,NaN,NaN,NaN,NaN,NaN,NaN,NaN,NaN
-0.638326865,-0.785812042,0.897708723,-0.584216359,-0.727367003,0.896619761,NaN,NaN,NaN,NaN,NaN,NaN,NaN,NaN,NaN,NaN,NaN,NaN,NaN,NaN,NaN,NaN,NaN,NaN,NaN,NaN,NaN,NaN,NaN,NaN
-0.657986314,-0.760851265,0.893786917,-0.602465408,-0.716522206,0.894298626,NaN,NaN,NaN,NaN,NaN,NaN,NaN,NaN,NaN,NaN,NaN,NaN,NaN,NaN,NaN,NaN,NaN,NaN,NaN,NaN,NaN,NaN,NaN,NaN
-0.677825101,-0.763314393,0.895643246,-0.623496079,-0.734094269,0.893081434,NaN,NaN,NaN,NaN,NaN,NaN,NaN,NaN,NaN,NaN,NaN,NaN,NaN,NaN,NaN,NaN,NaN,NaN,NaN,NaN,NaN,NaN,NaN,NaN
-0.700249727,-0.738566774,0.891570878,-0.645579401,-0.769620497,0.891048958,NaN,NaN,NaN,NaN,NaN,NaN,NaN,NaN,NaN,NaN,NaN,NaN,NaN,NaN,NaN,NaN,NaN,NaN,NaN,NaN,NaN,NaN,NaN,NaN
-0.718568154,-0.755648497,0.890504544,-0.668657942,-0.767830496,0.88979801,NaN,NaN,NaN,NaN,NaN,NaN,NaN,NaN,NaN,NaN,NaN,NaN,NaN,NaN,NaN,NaN,NaN,NaN,NaN,NaN,NaN,NaN,NaN,NaN
-0.742383106,-0.745333206,0.88629984,-0.692060425,-0.762720531,0.88854255,NaN,NaN,NaN,NaN,NaN,NaN,NaN,NaN,NaN,NaN,NaN,NaN,NaN,NaN,NaN,NaN,NaN,NaN,NaN,NaN,NaN,NaN,NaN,NaN
-0.76910677,-0.734797807,0.884885028,-0.716102376,-0.750963518,0.887279066,NaN,NaN,NaN,NaN,NaN,NaN,NaN,NaN,NaN,NaN,NaN,NaN,NaN,NaN,NaN,NaN,NaN,NaN,NaN,NaN,NaN,NaN,NaN,NaN
-0.791748117,-0.737536688,0.88658594,-0.738957045,-0.780354494,0.885228283,NaN,NaN,NaN,NaN,NaN,NaN,NaN,NaN,NaN,NaN,NaN,NaN,NaN,NaN,NaN,NaN,NaN,NaN,NaN,NaN,NaN,NaN,NaN,NaN
-0.814409651,-0.770003894,0.885221612,-0.763016981,-0.768391049,0.884650584,NaN,NaN,NaN,NaN,NaN,NaN,NaN,NaN,NaN,NaN,NaN,NaN,NaN,NaN,NaN,NaN,NaN,NaN,NaN,NaN,NaN,NaN,NaN,NaN
-0.841234144,-0.758812246,0.886751344,-0.787935137,-0.777502774,0.885312523,NaN,NaN,NaN,NaN,NaN,NaN,NaN,NaN,NaN,NaN,NaN,NaN,NaN,NaN,NaN,NaN,NaN,NaN,NaN,NaN,NaN,NaN,NaN,NaN
-0.866426521,-0.733156568,0.885477551,-0.811246227,-0.834759646,0.88609054,NaN,NaN,NaN,NaN,NaN,NaN,NaN,NaN,NaN,NaN,NaN,NaN,NaN,NaN,NaN,NaN,NaN,NaN,NaN,NaN,NaN,NaN,NaN,NaN
-0.893503665,-0.781297762,0.883813306,-0.835734343,-0.84881309,0.882982386,NaN,NaN,NaN,NaN,NaN,NaN,NaN,NaN,NaN,NaN,NaN,NaN,NaN,NaN,NaN,NaN,NaN,NaN,NaN,NaN,NaN,NaN,NaN,NaN
-0.917937133,-0.798104334,0.891268214,-0.858154896,-0.823726305,0.884148166,NaN,NaN,NaN,NaN,NaN,NaN,NaN,NaN,NaN,NaN,NaN,NaN,NaN,NaN,NaN,NaN,NaN,NaN,NaN,NaN,NaN,NaN,NaN,NaN
-0.941966522,-0.817237495,0.886934752,-0.888356382,-0.871044063,0.884033562,NaN,NaN,NaN,NaN,NaN,NaN,NaN,NaN,NaN,NaN,NaN,NaN,NaN,NaN,NaN,NaN,NaN,NaN,NaN,NaN,NaN,NaN,NaN,NaN
-0.965921021,-0.837064339,0.879646523,-0.915483198,-0.856528988,0.88261074,NaN,NaN,NaN,NaN,NaN,NaN,NaN,NaN,NaN,NaN,NaN,NaN,NaN,NaN,NaN,NaN,NaN,NaN,NaN,NaN,NaN,NaN,NaN,NaN
-0.993768915,-0.780190411,0.884249542,-0.941857761,-0.850340613,0.881768945,NaN,NaN,NaN,NaN,NaN,NaN,NaN,NaN,NaN,NaN,NaN,NaN,NaN,NaN,NaN,NaN,NaN,NaN,NaN,NaN,NaN,NaN,NaN,NaN
-1.022709654,-0.844835591,0.882427236,-0.96795206,-0.847054886,0.880358671,NaN,NaN,NaN,NaN,NaN,NaN,NaN,NaN,NaN,NaN,NaN,NaN,NaN,NaN,NaN,NaN,NaN,NaN,NaN,NaN,NaN,NaN,NaN,NaN
-1.049114872,-0.80291721,0.884097135,-0.995133421,-0.86480101,0.878807313,NaN,NaN,NaN,NaN,NaN,NaN,NaN,NaN,NaN,NaN,NaN,NaN,NaN,NaN,NaN,NaN,NaN,NaN,NaN,NaN,NaN,NaN,NaN,NaN
-1.076479276,-0.853289041,0.879462869,-1.020656633,-0.834208339,0.879251193,NaN,NaN,NaN,NaN,NaN,NaN,NaN,NaN,NaN,NaN,NaN,NaN,NaN,NaN,NaN,NaN,NaN,NaN,NaN,NaN,NaN,NaN,NaN,NaN
-1.099871483,-0.811108371,0.878346093,-1.047103646,-0.860899816,0.876560509,NaN,NaN,NaN,NaN,NaN,NaN,NaN,NaN,NaN,NaN,NaN,NaN,NaN,NaN,NaN,NaN,NaN,NaN,NaN,NaN,NaN,NaN,NaN,NaN
-1.126265236,-0.876505519,0.87665965,-1.073307453,-0.891083082,0.872148868,NaN,NaN,NaN,NaN,NaN,NaN,NaN,NaN,NaN,NaN,NaN,NaN,NaN,NaN,NaN,NaN,NaN,NaN,NaN,NaN,NaN,NaN,NaN,NaN
-1.148324934,-0.849763207,0.872602216,-1.096133058,-0.892778494,0.870323715,NaN,NaN,NaN,NaN,NaN,NaN,NaN,NaN,NaN,NaN,NaN,NaN,NaN,NaN,NaN,NaN,NaN,NaN,NaN,NaN,NaN,NaN,NaN,NaN
